DQA1*0101,DQA1*0102,DQA1*0103,DQA1*0104,DQA1*0105,DQA1*0106,DQA1*0107,DQA1*0201,DQA1*0301,DQA1*0302,DQA1*0303,DQA1*0401,DQA1*0402,DQA1*0404,DQA1*0501,DQA1*0502,DQA1*0503,DQA1*0504,DQA1*0505,DQA1*0506,DQA1*0507,DQA1*0508,DQA1*0509,DQA1*0601,DQA1*0602
E,E,E,E,E,E,E,E,E,E,E,E,E,E,E,E,E,E,E,E,E,E,K,E,E
D,D,D,G,G,G,G,D,D,D,D,D,D,D,D,D,D,D,D,D,D,D,D,D,D
I,I,I,I,I,I,I,I,I,I,I,I,I,I,I,I,I,I,I,I,I,I,I,I,I
V,V,V,V,V,V,V,V,V,V,V,V,V,V,V,V,V,V,V,V,V,V,V,V,V
A,A,A,A,A,A,A,A,A,A,A,A,A,A,A,A,A,A,A,A,A,A,A,A,A
D,D,D,D,D,D,D,D,D,D,D,D,D,D,D,D,D,D,D,D,D,D,D,D,D
H,H,H,H,H,H,H,H,H,H,H,H,H,H,H,H,H,H,H,H,H,H,H,H,H
V,V,V,V,V,V,V,V,V,V,V,V,V,V,V,V,V,V,V,V,V,V,V,V,V
A,A,A,A,A,A,A,A,A,A,A,A,A,A,A,A,A,A,A,A,A,A,A,A,A
S,S,S,S,S,S,S,S,S,S,S,S,S,S,S,S,S,S,S,S,S,S,S,S,S
C,C,C,C,C,C,C,Y,Y,Y,Y,Y,Y,Y,Y,Y,Y,Y,Y,Y,Y,Y,Y,Y,Y
G,G,G,G,G,G,G,G,G,G,G,G,G,G,G,G,G,G,G,G,G,G,G,G,G
V,V,V,V,V,V,V,V,V,V,V,V,V,V,V,V,V,V,V,V,V,V,V,V,V
N,N,N,N,N,N,N,N,N,N,N,N,N,N,N,N,N,N,N,N,N,N,N,N,N
L,L,L,L,L,L,L,L,L,L,L,L,L,L,L,L,L,L,L,L,L,L,L,L,L
Y,Y,Y,Y,Y,Y,Y,Y,Y,Y,Y,Y,Y,Y,Y,Y,Y,Y,Y,Y,Y,Y,Y,Y,Y
Q,Q,Q,Q,Q,Q,Q,Q,Q,Q,Q,Q,Q,Q,Q,Q,Q,Q,Q,Q,Q,Q,Q,Q,Q
F,F,F,F,F,F,F,S,S,S,S,S,S,S,S,S,S,S,S,S,S,S,S,S,S
Y,Y,Y,Y,Y,Y,Y,Y,Y,Y,Y,Y,Y,Y,Y,Y,Y,Y,Y,Y,Y,Y,Y,Y,Y
G,G,G,G,G,G,G,G,G,G,G,G,G,G,G,G,G,G,G,G,G,G,G,G,G
P,P,P,P,P,P,P,P,P,P,P,P,P,P,P,P,P,L,P,P,P,P,P,P,P
S,S,S,S,S,S,S,S,S,S,S,S,S,S,S,S,S,S,S,S,S,S,S,S,S
G,G,G,G,G,G,G,G,G,G,G,G,G,G,G,G,G,G,G,G,G,G,G,G,G
Q,Q,Q,Q,Q,Q,Q,Q,Q,Q,Q,Q,Q,Q,Q,Q,Q,Q,Q,Q,Q,Q,Q,Q,Q
Y,Y,F,Y,Y,Y,Y,F,Y,Y,Y,Y,Y,Y,Y,Y,Y,Y,Y,Y,Y,Y,Y,F,F
T,T,T,T,T,T,T,T,S,S,S,T,T,T,T,T,T,T,T,T,T,T,T,T,T
H,H,H,H,H,H,H,H,H,H,H,H,H,H,H,H,H,H,H,H,H,H,H,H,H
E,E,E,E,E,E,E,E,E,E,E,E,E,E,E,E,E,E,E,E,E,E,E,E,E
F,F,F,F,F,F,F,F,F,F,F,F,F,F,F,F,F,F,F,F,F,F,F,F,F
D,D,D,D,D,D,D,D,D,D,D,D,D,D,D,D,D,D,D,D,D,D,D,D,D
G,G,G,G,G,G,G,G,G,G,G,G,G,G,G,G,G,G,G,G,G,G,G,G,G
D,D,D,D,D,D,D,D,D,D,D,D,D,D,D,D,D,D,D,D,D,D,D,D,D
E,E,E,E,E,E,E,E,E,E,E,E,E,E,E,E,E,E,E,E,E,E,E,E,E
E,Q,Q,E,E,Q,E,E,E,E,E,Q,Q,Q,Q,Q,Q,Q,Q,Q,Q,Q,Q,Q,Q
F,F,F,F,F,F,F,F,F,F,F,F,F,F,F,F,F,F,F,F,F,F,F,F,F
Y,Y,Y,Y,Y,Y,Y,Y,Y,Y,Y,Y,Y,Y,Y,Y,Y,Y,Y,Y,Y,Y,Y,Y,Y
V,V,V,V,V,V,V,V,V,V,V,V,V,V,V,V,V,V,V,V,V,V,V,V,V
D,D,D,D,D,D,D,D,D,D,D,D,D,D,D,D,D,D,D,D,D,D,D,D,D
L,L,L,L,L,L,L,L,L,L,L,L,L,L,L,L,L,L,L,L,L,L,L,L,L
E,E,E,E,E,E,E,E,E,E,E,G,G,G,G,G,G,G,G,G,G,G,G,G,G
R,R,K,R,R,R,R,R,R,R,R,R,R,R,R,R,R,R,R,R,R,R,R,R,R
K,K,K,K,K,K,K,K,K,K,K,K,K,K,K,K,K,K,K,K,K,K,K,K,K
E,E,E,E,E,E,E,E,E,E,E,E,E,E,E,E,E,E,E,E,E,E,E,E,E
T,T,T,T,T,A,T,T,T,T,T,T,T,T,T,T,T,T,T,T,T,T,T,T,T
A,A,A,A,A,A,A,V,V,V,V,V,V,V,V,V,V,V,V,V,V,V,V,V,V
W,W,W,W,W,W,W,W,W,W,W,W,W,W,W,W,W,W,W,W,W,W,W,W,W
R,R,R,R,R,R,R,K,Q,Q,Q,C,C,C,C,C,C,C,C,C,C,C,C,C,C
W,W,W,W,W,W,W,L,L,L,L,L,L,L,L,L,L,L,L,L,L,L,L,L,L
P,P,P,P,P,P,P,P,P,P,P,P,P,P,P,P,P,P,P,P,P,P,P,P,P
E,E,E,E,E,E,E,L,L,L,L,V,V,V,V,V,V,V,V,V,V,V,V,V,V
F,F,F,F,F,F,F,F,F,F,F,L,L,L,L,L,L,L,L,L,L,L,L,L,L
S,S,S,S,S,S,S,H,R,R,R,R,R,R,R,R,R,R,R,R,R,R,R,R,R
K,K,K,K,K,K,K,R,R,R,R,Q,Q,Q,Q,Q,Q,Q,Q,Q,Q,Q,Q,Q,Q
F,F,F,F,F,F,F,L,F,F,F,F,F,F,F,F,F,F,F,F,F,F,F,F,F
G,G,G,G,G,G,G,R,R,R,R,R,R,R,R,R,R,R,R,R,R,R,R,R,R
G,G,G,G,G,G,G,G,R,R,R,G,G,G,G,G,G,G,G,G,G,G,G,G,G
F,F,F,F,F,F,F,F,F,F,F,F,F,F,F,F,F,F,F,F,F,F,F,F,F
D,D,D,D,D,D,D,D,D,D,D,D,D,D,D,D,D,D,D,D,D,D,D,D,D
P,P,P,P,P,P,P,P,P,P,P,P,P,P,P,R,P,P,P,P,P,P,P,P,P
Q,Q,Q,Q,Q,Q,Q,Q,Q,Q,Q,Q,Q,Q,Q,Q,Q,Q,Q,Q,Q,Q,Q,Q,Q
G,G,G,G,G,G,G,F,F,F,F,F,F,F,F,F,F,F,F,F,F,F,F,F,F
A,A,A,A,A,A,A,A,A,A,A,A,A,A,A,A,A,A,A,A,A,A,A,A,A
L,L,L,L,L,L,L,L,L,L,L,L,L,L,L,L,L,L,L,L,L,L,L,L,L
R,R,R,R,R,R,R,T,T,T,T,T,T,T,T,T,T,T,T,T,T,T,T,T,T
N,N,N,N,N,N,N,N,N,N,N,N,N,N,N,N,N,N,N,N,N,N,N,N,N
M,M,M,M,M,M,M,I,I,I,I,I,I,I,I,I,I,I,I,I,I,I,I,I,I
A,A,A,A,A,A,A,A,A,A,A,A,A,A,A,A,A,A,A,A,A,A,A,A,A
V,V,V,V,V,V,V,V,V,V,V,V,V,V,V,V,V,V,V,V,V,V,V,V,V
A,A,A,A,A,A,A,L,L,L,L,T,T,T,L,L,L,L,L,L,L,L,L,T,T
K,K,K,K,K,K,K,K,K,K,K,K,K,K,K,K,K,K,K,K,K,K,K,K,K
H,H,H,H,H,H,H,H,H,H,H,H,H,H,H,H,H,H,H,H,H,H,H,H,H
N,N,N,N,N,N,N,N,N,N,N,N,N,N,N,N,N,N,N,N,N,N,N,N,N
L,L,L,L,L,L,L,L,L,L,L,L,L,L,L,L,L,L,L,L,L,L,L,L,L
N,N,N,N,N,N,N,N,N,N,N,N,N,N,N,N,N,N,N,N,N,N,N,N,N
I,I,I,I,I,I,I,I,I,I,I,I,I,I,S,S,S,S,S,S,S,S,S,I,I
M,M,M,M,M,M,M,L,V,V,V,L,L,L,L,L,L,L,L,L,L,L,L,L,L
I,I,I,I,I,I,I,I,I,I,I,I,I,I,I,I,I,I,I,I,I,I,I,I,I
K,K,K,K,K,K,K,K,K,K,K,K,K,K,K,K,K,K,K,K,K,K,K,K,K
R,R,R,R,R,R,C,R,R,R,R,R,R,R,R,R,R,R,R,R,R,R,R,R,R
Y,Y,Y,Y,Y,Y,Y,S,S,S,S,S,S,S,S,S,S,S,S,S,S,S,S,S,S
N,N,N,N,N,N,N,N,N,N,N,N,N,N,N,N,N,N,N,N,N,N,N,N,N
S,S,S,S,S,S,S,S,S,S,S,S,S,S,S,S,S,S,S,S,S,S,S,S,S
T,T,T,T,T,T,T,T,T,T,T,T,T,T,T,T,T,T,T,T,T,T,T,T,T
A,A,A,A,A,A,A,A,A,A,A,A,A,A,A,A,A,A,A,A,A,A,A,A,A
A,A,A,A,A,A,A,A,A,A,A,A,A,A,A,A,A,A,A,A,A,A,A,A,A
T,T,T,T,T,T,T,T,T,T,T,T,T,T,T,T,T,T,T,T,T,T,T,T,T
N,N,N,N,N,N,N,N,N,N,N,N,N,N,N,N,N,N,N,N,N,N,N,N,N
E,E,E,E,E,E,E,E,E,E,E,E,E,E,E,E,E,E,E,E,E,E,E,E,E
V,V,V,V,V,V,V,V,V,V,V,V,V,V,V,V,V,V,V,V,V,V,V,V,V
P,P,P,P,P,P,P,P,P,P,P,P,P,P,P,P,P,P,P,P,P,P,P,P,P
E,E,E,E,E,E,E,E,E,E,E,E,E,E,E,E,E,E,E,E,E,E,E,E,E
V,V,V,V,V,V,V,V,V,V,V,V,V,V,V,V,V,V,V,V,V,V,V,V,V
T,T,T,T,T,T,T,T,T,T,T,T,T,T,T,T,T,T,T,T,T,T,T,T,T
V,V,V,V,V,V,V,V,V,V,V,V,V,V,V,V,V,V,V,V,V,V,V,V,V
F,F,F,F,F,F,F,F,F,F,F,F,F,F,F,F,F,F,F,F,F,F,F,F,F
S,S,S,S,S,S,S,S,S,S,S,S,S,S,S,S,S,S,S,S,S,S,S,S,S
K,K,K,K,K,K,K,K,K,K,K,K,K,K,K,K,K,K,K,K,K,K,K,K,K
S,S,S,S,S,S,S,S,S,S,S,S,S,S,S,S,S,S,S,S,S,S,S,S,S
P,P,P,P,P,P,P,P,P,P,P,P,P,P,P,P,P,P,P,P,P,P,P,P,P
V,V,V,V,V,V,V,V,V,V,V,V,V,V,V,V,V,V,V,V,V,V,V,V,V
T,T,T,T,T,T,T,T,T,T,T,T,T,T,T,T,T,T,T,T,T,T,T,T,T
L,L,L,L,L,L,L,L,L,L,L,L,L,L,L,L,L,L,L,V,L,L,L,L,L
G,G,G,G,G,G,G,G,G,G,G,G,G,G,G,G,G,G,G,G,G,G,G,G,G
Q,Q,Q,Q,Q,Q,Q,Q,Q,Q,Q,Q,Q,Q,Q,Q,Q,Q,Q,Q,Q,Q,Q,Q,Q
P,P,P,P,P,P,P,P,P,P,P,P,P,P,P,P,P,P,P,P,P,P,P,P,P
N,N,N,N,N,N,N,N,N,N,N,N,N,N,N,N,N,N,N,N,N,N,N,N,N
T,T,T,T,T,T,T,T,T,T,T,T,T,T,I,I,I,I,I,I,I,I,I,T,T
L,L,L,L,L,L,L,L,L,L,L,L,L,L,L,L,L,L,L,L,L,L,L,L,L
I,I,I,I,I,I,I,I,I,I,I,I,I,I,I,I,I,I,I,I,I,I,I,I,I
C,C,C,C,C,C,C,C,C,C,C,C,C,C,C,C,C,C,C,C,C,C,C,C,C
L,L,L,L,L,L,L,L,L,L,L,L,L,L,L,L,L,L,L,L,L,L,L,L,L
V,V,V,V,V,V,V,V,V,V,V,V,V,V,V,V,V,V,V,V,V,V,V,V,V
D,D,D,D,D,D,D,D,D,D,D,D,D,D,D,D,D,D,D,D,D,D,D,D,D
N,N,N,N,N,N,N,N,N,N,N,N,N,N,N,N,N,N,N,N,N,N,N,N,N
I,I,I,I,I,I,I,I,I,I,I,I,I,I,I,I,I,I,I,I,I,I,I,I,I
F,F,F,F,F,F,F,F,F,F,F,F,F,F,F,F,F,F,F,F,F,F,F,F,F
P,P,P,P,P,P,P,P,P,P,P,P,P,P,P,P,P,P,P,P,P,P,P,P,P
P,P,P,P,P,P,P,P,P,P,P,P,P,P,P,P,P,P,P,P,P,P,P,P,P
V,V,V,V,V,V,V,V,V,V,V,V,V,V,V,V,V,V,V,V,V,V,V,V,V
V,V,V,V,V,V,V,V,V,V,V,V,V,V,V,V,V,V,V,V,V,V,V,V,V
N,N,N,N,N,N,N,N,N,N,N,N,N,N,N,N,N,N,N,N,N,N,N,N,N
I,I,I,I,I,I,I,I,I,I,I,I,I,I,I,I,I,I,I,I,I,I,I,I,I
T,T,T,T,T,T,T,T,T,T,T,T,T,T,T,T,T,T,T,T,T,T,T,T,T
W,W,W,W,W,W,W,W,W,W,W,W,W,W,W,W,W,W,W,W,W,W,W,W,W
L,L,L,L,L,L,L,L,L,L,L,L,L,L,L,L,L,L,L,L,L,L,L,L,L
S,S,S,S,S,S,S,S,S,S,S,S,S,S,S,S,S,S,S,S,S,S,S,S,S
N,N,N,N,N,N,N,N,N,N,N,N,N,N,N,N,N,N,N,N,N,N,N,N,N
G,G,G,G,G,G,G,G,G,G,G,G,G,G,G,G,G,G,G,G,G,G,G,G,G
Q,Q,H,Q,Q,Q,Q,H,H,H,H,H,H,H,H,H,H,H,H,H,H,H,H,H,H
S,S,A,S,S,S,S,S,S,S,S,S,S,S,S,S,S,S,S,S,S,S,S,S,S
V,V,V,V,V,V,V,V,V,V,V,V,V,V,V,V,V,V,V,V,V,V,V,V,V
T,T,T,T,T,T,T,T,T,T,T,T,T,T,T,T,T,T,T,T,T,T,T,T,T
E,E,E,E,E,E,E,E,E,E,E,E,E,E,E,E,E,E,E,E,E,E,E,E,E
G,G,G,G,G,G,G,G,G,G,G,G,G,G,G,G,G,G,G,G,G,G,G,G,G
V,V,V,V,V,V,V,V,V,V,V,V,V,V,V,V,V,V,V,V,V,V,V,V,V
S,S,S,S,S,S,S,S,S,S,S,S,S,S,S,S,S,S,S,S,S,S,S,S,S
E,E,E,E,E,E,E,E,E,E,E,E,E,E,E,E,E,E,E,E,E,E,E,E,E
T,T,T,T,T,T,T,T,T,T,T,T,I,T,T,T,T,T,T,T,T,T,T,T,T
S,S,S,S,S,S,S,S,S,S,S,S,S,S,S,S,S,S,S,S,S,I,S,S,R
F,F,F,F,F,F,F,F,F,F,F,F,F,F,F,F,F,F,F,F,F,F,F,F,F
L,L,L,L,L,L,L,L,L,L,L,L,L,L,L,L,L,L,L,L,L,L,L,L,L
S,S,S,S,S,S,S,S,S,S,S,S,S,S,S,S,S,S,S,S,S,S,S,S,S
K,K,K,K,K,K,K,K,K,K,K,K,K,K,K,K,K,K,K,K,K,K,K,K,K
S,S,S,S,S,S,S,S,S,S,S,S,S,S,S,S,S,S,S,S,S,S,S,S,S
D,D,D,D,D,D,D,D,D,D,D,D,D,D,D,D,D,D,D,D,D,D,D,D,D
H,H,H,H,H,H,H,H,H,H,H,H,H,H,H,H,H,H,H,H,H,H,H,H,H
S,S,S,S,S,S,S,S,S,S,S,S,S,S,S,S,S,S,S,S,S,S,S,S,S
F,F,F,F,F,F,F,F,F,F,F,F,F,F,F,F,F,F,F,F,F,F,F,F,F
F,F,F,F,F,F,F,F,F,F,F,F,F,F,F,F,F,F,F,F,F,F,F,F,F
K,K,K,K,K,K,K,K,K,K,K,K,K,K,K,K,K,K,K,K,K,K,K,K,K
I,I,I,I,I,I,I,I,I,I,I,I,I,I,I,I,I,I,I,I,I,I,I,I,I
S,S,S,S,S,S,S,S,S,S,S,S,S,S,S,S,S,S,S,S,S,S,S,S,S
Y,Y,Y,Y,Y,Y,Y,Y,Y,Y,Y,Y,Y,H,Y,Y,Y,Y,Y,Y,Y,Y,Y,Y,Y
L,L,L,L,L,L,L,L,L,L,L,L,L,L,L,L,L,L,L,L,L,L,L,L,L
T,T,T,T,T,T,T,T,T,T,T,T,T,T,T,T,T,T,T,T,T,T,T,T,T
F,F,F,F,F,F,F,F,F,F,F,F,F,F,L,L,L,L,L,L,L,L,L,F,F
L,L,L,L,L,L,L,L,L,L,L,L,L,L,L,L,L,L,L,L,L,L,L,L,L
P,P,P,P,P,P,P,P,P,P,P,P,P,P,P,P,P,P,P,P,P,P,P,P,P
S,S,S,S,S,S,S,S,S,S,S,S,S,S,S,S,S,S,S,S,S,S,S,S,S
A,A,A,A,A,A,A,A,A,D,D,A,A,A,A,A,S,S,A,S,S,A,A,A,A
D,D,D,D,D,D,D,D,D,D,D,D,D,D,E,E,E,E,E,E,E,E,E,D,D
E,E,E,E,E,E,E,E,E,E,E,E,E,E,E,E,E,E,E,E,E,E,E,E,E
I,I,I,I,I,I,I,I,I,I,I,I,I,I,S,S,S,S,S,S,S,S,S,I,I
Y,Y,Y,Y,Y,Y,Y,Y,Y,Y,Y,Y,Y,Y,Y,Y,Y,Y,Y,Y,Y,Y,Y,Y,Y
D,D,D,D,D,D,D,D,D,D,D,D,D,D,D,D,D,D,D,D,D,D,D,D,D
C,C,C,C,C,C,C,C,C,C,C,C,C,C,C,C,C,C,C,C,C,C,C,C,C
K,K,K,K,K,K,K,K,K,K,K,K,K,K,K,K,K,K,K,K,K,K,K,K,K
V,V,V,V,V,V,V,V,V,V,V,V,V,V,V,V,V,V,V,V,V,V,V,V,V
E,E,E,E,E,E,E,E,E,E,E,E,E,E,E,E,E,E,E,E,E,E,E,E,E
H,H,H,H,H,H,H,H,H,H,H,H,H,H,H,H,H,H,H,H,H,H,H,H,H
W,W,W,W,W,W,W,W,W,W,W,W,W,W,W,W,W,W,W,W,W,W,W,W,W
G,G,G,G,G,G,G,G,G,G,G,G,G,G,G,G,G,G,G,G,G,G,G,G,G
L,L,L,L,L,L,L,L,L,L,L,L,L,L,L,L,L,L,L,L,L,L,L,L,L
D,D,D,D,D,D,D,D,D,D,D,D,D,D,D,D,D,D,D,D,D,D,D,D,D
Q,Q,Q,Q,Q,Q,Q,E,E,E,E,E,E,E,K,K,K,K,K,K,K,K,K,E,E
P,P,P,P,P,P,P,P,P,P,P,P,P,P,P,P,P,P,P,P,P,P,P,P,P
L,L,L,L,L,L,L,L,L,L,L,L,L,L,L,L,L,L,L,L,L,L,L,L,L
L,L,L,L,L,L,L,L,L,L,L,L,L,L,L,L,L,L,L,L,L,L,L,L,L
K,K,K,K,K,K,K,K,K,K,K,K,K,K,K,K,K,K,K,K,K,K,K,K,K
H,H,H,H,H,H,H,H,H,H,H,H,H,H,H,H,H,H,H,H,H,H,H,H,H
W,W,W,W,W,W,W,W,W,W,W,W,W,W,W,W,W,W,W,W,W,W,W,W,W
E,E,E,E,E,E,E,E,E,E,E,E,E,E,E,E,E,E,E,E,E,E,E,E,E
P,P,P,P,P,P,P,P,P,P,P,P,P,P,P,P,P,P,P,P,P,P,P,P,P
E,E,E,E,E,E,E,E,E,E,E,E,E,E,E,E,E,E,E,E,E,E,E,E,E
I,I,I,I,I,I,I,I,I,I,I,I,I,I,I,I,I,I,I,I,I,I,I,I,I
P,P,P,P,P,P,P,P,P,P,P,P,P,P,P,P,P,P,P,P,P,P,P,P,P
A,A,A,A,A,A,A,A,T,T,T,A,A,A,A,A,A,A,A,A,A,A,A,A,A
P,P,P,P,P,P,P,P,P,P,P,P,P,P,P,P,P,P,P,P,P,P,P,P,P
M,M,M,M,M,M,M,M,M,M,M,M,M,M,M,M,M,M,M,M,M,M,M,M,M
S,S,S,S,S,S,S,S,S,S,S,S,S,S,S,S,S,S,S,S,S,S,S,S,S
E,E,E,E,E,E,E,E,E,E,E,E,E,E,E,E,E,E,E,E,E,E,E,E,E
L,L,L,L,L,L,L,L,L,L,L,L,L,L,L,L,L,L,L,L,L,L,L,L,L
T,T,T,T,T,T,T,T,T,T,T,T,T,T,T,T,T,T,T,T,T,T,T,T,T
E,E,E,E,E,E,E,E,E,E,E,E,E,E,E,E,E,E,E,E,E,E,E,E,E
T,T,T,T,T,T,T,T,T,T,T,T,T,T,T,T,T,T,T,T,T,T,T,T,T
V,V,V,V,V,V,V,V,V,V,V,V,V,V,V,V,V,V,V,V,V,V,V,V,V
V,V,V,V,V,V,V,V,V,V,V,V,V,V,V,V,V,V,V,V,V,V,V,V,V
C,C,C,C,C,C,C,C,C,C,C,C,C,C,C,C,C,C,C,C,C,C,C,C,C
A,A,A,T,A,A,A,A,A,A,A,A,A,A,A,A,A,A,A,A,A,A,A,A,A
L,L,L,L,L,L,L,L,L,L,L,L,L,L,L,L,L,L,L,L,L,L,L,L,L
G,G,G,G,G,G,G,G,G,G,G,G,G,G,G,G,G,G,G,G,G,G,G,G,G
L,L,L,L,L,L,L,L,L,L,L,L,L,L,L,L,L,L,L,L,L,L,L,L,L
S,S,S,S,S,S,S,S,S,S,S,S,S,S,S,S,S,S,S,S,S,S,S,S,S
V,V,V,V,V,V,V,V,V,V,V,V,V,V,V,V,V,V,V,V,V,V,V,V,V
G,G,G,G,G,G,G,G,G,G,G,G,G,G,G,G,G,G,G,G,G,G,G,G,G
L,L,L,L,L,L,L,L,L,L,L,L,L,L,L,L,L,L,L,L,L,L,L,L,L
V,M,V,V,V,V,V,V,V,V,V,V,V,V,V,V,V,V,V,V,V,V,V,V,V
G,G,G,G,G,G,G,G,G,G,G,G,G,G,G,G,G,G,G,G,C,G,G,G,G
I,I,I,I,I,I,I,I,I,I,I,I,I,I,I,I,I,I,I,I,I,I,I,I,I
V,V,V,V,V,V,V,V,V,V,V,V,V,V,V,V,V,V,V,V,V,V,V,V,V
V,V,V,V,V,V,V,V,V,V,V,V,V,V,V,V,V,V,V,V,V,V,V,V,V
G,G,G,G,G,G,G,G,G,G,G,G,G,G,G,G,G,G,G,G,G,G,G,G,G
T,T,T,T,T,T,T,T,T,T,T,T,T,T,T,T,T,T,T,T,T,T,T,T,T
V,V,V,V,V,V,V,V,V,V,V,V,V,V,V,V,V,V,V,V,V,V,V,V,V
F,F,F,F,F,F,F,L,L,L,L,F,F,F,F,F,F,F,F,F,F,F,F,F,F
I,I,I,I,I,I,I,I,I,I,I,I,I,I,I,I,I,I,I,I,I,I,I,I,I
I,I,I,I,I,I,I,I,I,I,I,I,I,I,I,I,I,I,I,I,I,I,I,I,I
Q,Q,Q,Q,Q,Q,Q,R,R,R,R,R,R,R,R,R,R,R,R,R,R,R,R,R,R
G,G,G,G,G,G,G,G,G,G,G,G,G,G,G,G,G,G,G,G,G,G,G,G,G
L,L,L,L,L,L,L,L,L,L,L,L,L,L,L,L,L,L,L,L,L,L,L,L,L
R,R,R,R,R,R,R,R,R,R,R,R,R,R,R,R,R,R,R,R,R,R,R,R,R
S,S,S,S,S,S,S,S,S,S,S,S,S,S,S,S,S,S,S,S,S,S,S,S,S
V,V,V,V,V,V,V,V,V,V,V,V,V,V,V,V,V,V,V,V,V,V,V,V,V
G,G,G,G,G,G,G,G,G,G,G,G,G,G,G,G,G,G,G,G,G,G,G,G,G
A,A,A,A,A,A,A,A,A,A,A,A,A,A,A,A,A,A,A,A,A,A,A,A,A
S,S,S,S,S,S,S,S,S,S,S,S,S,S,S,S,S,S,S,S,S,S,S,S,S
R,R,R,R,R,R,R,R,R,R,R,R,R,R,R,R,R,R,R,R,R,R,R,R,R
H,H,H,H,H,H,H,H,H,H,H,H,H,H,H,H,H,H,H,H,H,H,H,H,H
Q,Q,Q,Q,Q,Q,Q,Q,Q,Q,Q,Q,Q,Q,Q,Q,Q,Q,Q,Q,Q,Q,Q,Q,Q
G,G,G,G,G,G,G,G,G,G,G,G,G,G,G,G,G,G,G,G,G,G,G,G,G
P,P,P,P,P,P,P,P,P,P,P,P,P,P,P,P,P,P,P,P,P,P,P,P,P
L,L,L,L,L,L,L,L,L,L,L,L,L,L,L,L,L,L,L,L,L,L,L,L,L