HLA_allele,Expert,Who
A*01:01,A1,A1
A*01:02,A1,A1
A*01:03,A1,A1
A*01:06,A1,-
A*01:07,A1,A1
A*01:08,A1,A1
A*01:09,A1,-
A*01:10,A1,-
A*01:13,A1,-
A*01:14,A1,-
A*01:17,A1,-
A*01:19,A1,A1
A*01:20,A1,-
A*01:21,A1,-
A*01:23,A1,-
A*01:24,A1,-
A*01:25,A1,-
A*01:26,A1,-
A*02:01,A2,A2
A*02:02,A2,A2
A*02:03,A203/A2,A203
A*02:04,A2,A2
A*02:05,A2,A2
A*02:06,A2,A2
A*02:07,A2,A2
A*02:08,A2,A2
A*02:09,A2,A2
A*02:10,A210/A2,A210
A*02:11,A2,A2
A*02:12,A2,A2
A*02:13,A2,A2
A*02:14,A2,A2
A*02:16,A2,A2
A*02:17,A2,A2
A*02:18,A2,A2
A*02:19,A2,-
A*02:20,A2,A2
A*02:21,A2,A2
A*02:22,A2,A2
A*02:24,A2,A2
A*02:25,A2,A2
A*02:26,A2,-
A*02:27,A2,-
A*02:28,A2,-
A*02:29,A2,A2
A*02:30,A2,-
A*02:31,A2,A2
A*02:33,A2,-
A*02:34,A2,A2
A*02:35,A2,A2
A*02:36,A2,-
A*02:37,A2,-
A*02:38,A2,-
A*02:39,A2,-
A*02:40,A2,-
A*02:41,A2,A2
A*02:42,A2,A2
A*02:44,A2/blank,-
A*02:45,A2,-
A*02:46,A2,A2
A*02:47,A2,-
A*02:48,A2,-
A*02:49,A2,A2
A*02:50,A2,A2
A*02:51,A2,-
A*02:52,A2,-
A*02:54,A2,-
A*02:55,A2/A28,-
A*02:56,A2,-
A*02:57,A2,-
A*02:58,A2,-
A*02:59,A2,A2
A*02:60,A2,-
A*02:61,A2,-
A*02:62,A2,-
A*02:63,A2,-
A*02:64,A2,-
A*02:66,A2,A2
A*02:67,A2,A2
A*02:68,A2,A2
A*02:69,A2,-
A*02:70,A2,A2
A*02:71,A2,A2
A*02:72,A2,A2
A*02:73,A2,A2
A*02:74,A2,A2
A*02:75,A2,-
A*02:76,A2,-
A*02:77,A2,A2
A*02:79,A2,A2
A*02:80,A2,-
A*02:81,A2,-
A*02:84,A2,-
A*02:85,A2,-
A*02:86,A2,-
A*02:87,A2,-
A*02:89,A2,A2
A*02:90,A2,A2
A*02:91,A2,-
A*02:92,A2,-
A*02:93,A2,-
A*02:95,A2,A2
A*02:96,A2,-
A*02:97,A2,A2
A*02:99,A2,-
A*02:101,A2,-
A*02:102,A2,-
A*02:103,A2,-
A*02:104,A2,-
A*02:105,A2,A2
A*02:106,A2,-
A*02:107,A2,-
A*02:108,A2,-
A*02:109,A2,-
A*02:110,A2,-
A*02:111,A2,-
A*02:112,A2,-
A*02:114,A2,-
A*02:115,A2,-
A*02:116,A2,-
A*02:117,A2,-
A*02:118,A2,-
A*02:119,A2,-
A*02:120,A2,-
A*02:121,A2,-
A*02:122,A2,-
A*02:123,A2,-
A*02:124,A2,-
A*02:126,A2,-
A*03:01,A3,A3
A*03:02,A3,A3
A*03:04,A3,A3
A*03:05,A3/blank,A3
A*03:06,A3/blank,-
A*03:07,A3,-
A*03:08,A3,-
A*03:09,A3,-
A*03:10,A3/blank,-
A*03:12,A3,-
A*03:13,A3,-
A*03:14,A3,-
A*03:15,A3,-
A*03:16,A3,-
A*03:17,A3,-
A*03:19,A3,-
A*03:20,A3,A3
A*03:22,A3,-
A*03:23,A3,-
A*03:24,A3,A3
A*03:25,A3,-
A*03:26,A3,-
A*03:27,A3,-
A*03:28,A3,-
A*03:29,A3,-
A*03:30,A3,-
A*11:01,A11,A11
A*11:02,A11,A11
A*11:03,A11,A11
A*11:04,A11,A11
A*11:05,A11,A11
A*11:06,A11,-
A*11:07,A11,A11
A*11:08,A11,A11
A*11:09,A11,A11
A*11:10,A11,A11
A*11:12,A11,A11
A*11:13,A11,A11
A*11:14,A11,A11
A*11:15,A11,A11
A*11:16,A11,-
A*11:19,A11,A11
A*11:20,A11,-
A*11:22,A11,-
A*11:23,A11,-
A*11:24,A11,-
A*11:25,A11,A11
A*11:26,A11,-
A*11:28,A11,-
A*11:29,A11,-
A*11:30,A11,-
A*11:31,A11,-
A*11:32,A11,-
A*23:01,A23,A23(9)
A*23:02,A23,-
A*23:03,A23,-
A*23:04,A23,A23(9)
A*23:05,A23,-
A*23:06,A23,-
A*23:09,A23,-
A*23:10,A23,-
A*23:12,A23,A23(9)
A*23:13,A23,-
A*23:14,A23,-
A*23:15,A23,-
A*23:16,A23,-
A*24:02,A24,A24(9)
A*24:03,A2403/A24,A2403
A*24:04,A24,A24(9)
A*24:05,A9,A9
A*24:06,A24,A24(9)
A*24:07,A24,A24(9)
A*24:08,A24,A24(9)
A*24:10,A2403/A24,A2403
A*24:13,A24,A24(9)
A*24:14,A24,A24(9)
A*24:15,A24,-
A*24:17,A24,A24(9)
A*24:18,A24/A3,A24(9)/A3
A*24:19,A9,A9
A*24:20,A24,A24(9)
A*24:21,A24/A9,A24(9)
A*24:22,A24,A9
A*24:23,A24,A2403
A*24:24,A9,-
A*24:25,A24,-
A*24:26,A24,-
A*24:27,A24,A24(9)
A*24:28,A9,A24(9)
A*24:29,A24,-
A*24:30,A24,-
A*24:31,A24,-
A*24:32,A24,-
A*24:33,A2403/A24,A2403
A*24:34,A24,-
A*24:35,A24,-
A*24:37,A24,A24
A*24:38,A24,-
A*24:39,A24,-
A*24:41,A24,-
A*24:42,A24,-
A*24:43,A24,A24(9)
A*24:44,A9,-
A*24:46,A24,-
A*24:47,A24,-
A*24:49,A24,-
A*24:50,A24,-
A*24:51,A24,-
A*24:52,A24,-
A*24:53,A24,-
A*24:54,A24,-
A*24:55,A24,-
A*24:56,A24,-
A*24:57,A24,-
A*24:58,A24,A24(9)
A*24:59,A24,-
A*24:61,A24,-
A*24:62,A24,-
A*24:63,A24,-
A*24:64,A24,-
A*24:65,A24,-
A*24:66,A24,-
A*24:67,A24,-
A*24:68,A24,-
A*24:69,A24,-
A*24:70,A24,-
A*24:71,A24,-
A*24:72,A24,-
A*24:73,A24,-
A*24:74,A24,-
A*24:75,A24,-
A*24:76,A24,A24(9)
A*24:77,A24,-
A*24:78,A24,A24(9)
A*24:79,A24,-
A*25:01,A25,A25(10)
A*25:02,A25,A25(10)
A*25:03,A25,-
A*25:04,A25,-
A*25:05,A25,-
A*25:06,A25,-
A*26:01,A26,A26(10)
A*26:02,A26,A26(10)
A*26:03,A26,A26(10)
A*26:04,A26,A26(10)
A*26:05,A26,A26(10)
A*26:06,A26,A26(10)
A*26:07,A26,A26(10)
A*26:08,A26,A26(10)
A*26:09,A26,A26(10)
A*26:10,A10,A10
A*26:12,A26,-
A*26:13,A26,-
A*26:14,A26,-
A*26:15,A10,A10
A*26:16,A26,-
A*26:17,A26,-
A*26:18,A10,-
A*26:20,A26,-
A*26:21,A26,-
A*26:22,A26,A26(10)
A*26:23,A26,A26(10)
A*26:24,A26,-
A*26:26,A26,A10
A*26:27,A26,-
A*26:28,A26,-
A*26:29,A26,A26(10)
A*26:30,A26,-
A*26:31,A26,-
A*26:32,A26,-
A*26:33,A26,-
A*26:34,A26,-
A*26:35,A26,-
A*29:01,A29,A29(19)
A*29:02,A29,A29(19)
A*29:03,A29,-
A*29:04,A29,-
A*29:05,A29,-
A*29:06,A29,-
A*29:07,A29,-
A*29:09,A29,-
A*29:10,A29,A29(19)
A*29:11,A29,-
A*29:12,A29,-
A*29:15,A29,-
A*29:16,A29,A29(19)
A*30:01,A30,A30(19)
A*30:02,A30,A30(19)
A*30:03,A30,A30(19)
A*30:04,A30,A30(19)
A*30:06,A30,-
A*30:07,A30,-
A*30:08,A30,-
A*30:09,A30,-
A*30:10,A30,-
A*30:11,A30,A30(19)
A*30:12,A30,-
A*30:13,A30,-
A*30:15,A30,A30(19)
A*30:16,A30,-
A*30:17,A30,A30(19)
A*30:18,A30,A30(19)
A*30:19,A30,-
A*30:20,A30,-
A*30:21,A30,-
A*30:22,A30,-
A*31:01,A31,A31(19)
A*31:02,A31,A31(19)
A*31:03,A31,-
A*31:04,A31,A31(19)
A*31:05,A31,A31(19)
A*31:06,A31,-
A*31:08,A31/A24,-
A*31:09,A31,-
A*31:10,A31,A31(19)
A*31:11,A31,-
A*31:12,A31,A31(19)
A*31:13,A31,-
A*31:15,A31,-
A*31:16,A31,-
A*31:17,A31,-
A*31:18,A31,-
A*32:01,A32,A32(19)
A*32:02,A32,A32(19)
A*32:03,A32,-
A*32:04,A32/A3,-
A*32:05,A32,-
A*32:06,A32,-
A*32:07,A32,-
A*32:08,A32,-
A*32:09,A32,-
A*32:10,A32,-
A*32:11Q,A32,-
A*32:12,A32,-
A*32:13,A32,-
A*32:14,A32,A32(19)
A*32:15,A32,-
A*33:01,A33,A33(19)
A*33:03,A33,A33(19)
A*33:04,A33,-
A*33:05,A33,A33(19)
A*33:06,A33,-
A*33:07,A33,-
A*33:10,A33,-
A*33:11,A33,-
A*33:12,A33,-
A*34:01,A34,A34(10)
A*34:02,A34,A34(10)
A*34:03,A34,-
A*34:04,A34,A34(10)
A*34:05,A34,-
A*34:06,A10,-
A*34:07,A34,-
A*34:08,A34,-
A*36:01,A36,A36
A*36:02,A36,-
A*36:03,A36,A36
A*36:04,A36,A36
A*43:01,A43,A43
A*66:01,A66,A66(10)
A*66:02,A66,A66(10)
A*66:03,A10,A10
A*66:04,A66,-
A*66:05,A26,-
A*66:06,A66,A66(10)
A*68:01,A68,A68(28)
A*68:02,A68,A68(28)
A*68:03,A68,A68(28)
A*68:04,A68,A68(28)
A*68:05,A68,A68(28)
A*68:06,A68,-
A*68:07,A68,-
A*68:08,A68,A68(28)
A*68:09,A68,-
A*68:10,A68,A28
A*68:12,A28,A28
A*68:13,A68,-
A*68:14,A68,-
A*68:15,A68,-
A*68:16,A68,A68(28)
A*68:17,A68,A28
A*68:19,A68,-
A*68:20,A68,-
A*68:21,A68,-
A*68:22,A68,-
A*68:23,A68,-
A*68:24,A68,-
A*68:25,A68,-
A*68:26,A68,A28
A*68:27,A68,-
A*68:28,A68,-
A*68:29,A68,-
A*68:30,A68,-
A*68:31,A68,-
A*68:32,A68,-
A*68:33,A68,A68(28)
A*68:34,A68,-
A*68:35,A68,-
A*68:36,A68,A68(28)
A*68:37,A68,-
A*68:38,A68,-
A*68:39,A68,-
A*68:40,A68,-
A*69:01,A69,A69(28)
A*74:01,A74,A74(19)
A*74:02,A74,A74(19)
A*74:03,A74,A74(19)
A*74:04,A74,-
A*74:05,A74,-
A*74:06,A74,A74(19)
A*74:07,A74,A74(19)
A*74:08,A74,-
A*74:09,A74,-
A*74:11,A74,-
A*80:01,A80,A80
B*07:02,B7,B7
B*07:03,B703/B7,B703
B*07:04,B7,B7
B*07:05,B7,B7
B*07:06,B7,B7
B*07:07,B7,B7
B*07:08,B7,B7
B*07:09,B7,B7
B*07:10,B7,B7
B*07:11,B7,B7
B*07:12,B7,B7
B*07:13,B7/blank,-
B*07:14,B7,B7
B*07:15,B7,B7
B*07:16,B7,B7
B*07:17,B7,B7
B*07:18,B7,-
B*07:19,B7/B42,-
B*07:20,B7/blank,-
B*07:21,B7,-
B*07:22,B7,-
B*07:23,B7,-
B*07:24,B7,B7
B*07:25,B7,-
B*07:26,B7,B7
B*07:28,B7,-
B*07:29,B7,-
B*07:30,B7,B7
B*07:31,B7/B42,B7/B42
B*07:32,B7/blank,-
B*07:33,B7,-
B*07:34,B7,-
B*07:35,B7,-
B*07:36,B7,-
B*07:37,B7,-
B*07:39,B7,-
B*07:40,B7,B7
B*07:41,B7,-
B*07:42,B7,-
B*07:43,B7,-
B*07:44,B7,-
B*07:45,B7,-
B*07:46,B7,B7
B*07:47,B7,-
B*07:48,B7,-
B*07:51,B7,-
B*07:52,B7,-
B*07:53,B7,-
B*07:54,B7,-
B*07:55,B7,-
B*07:56,B7,-
B*07:57,B7,B7
B*07:58,B7,B7
B*08:01,B8,B8
B*08:02,B8,B8
B*08:03,B8,B8
B*08:04,B8/blank,-
B*08:05,B8,-
B*08:06,B8,B8
B*08:07,B8,B8
B*08:09,B8,B8
B*08:10,B8,B8
B*08:11,B8,-
B*08:12,B8,-
B*08:13,B8,-
B*08:14,B8,-
B*08:15,B8,B8
B*08:16,B8,B8
B*08:18,B8,B8
B*08:20,B8,-
B*08:21,B8,-
B*08:22,B8,-
B*08:23,B8,-
B*08:24,B8,-
B*08:25,B8,-
B*08:26,B8,-
B*08:27,B8,-
B*08:28,B8,-
B*08:29,B8,B8
B*08:31,B8,-
B*08:32,B8,-
B*08:33,B8,-
B*13:01,B13,B13
B*13:02,B13,B13
B*13:03,B49/B15,-
B*13:04,B49/B15,B15/B21
B*13:06,B13,-
B*13:08,B13,-
B*13:10,B13,-
B*13:11,B13,-
B*13:12,B13,-
B*13:13,B13,B13
B*13:14,B13,-
B*13:15,B13,-
B*13:16,B13,-
B*13:17,B13,-
B*13:18,B13,-
B*13:19,B13,-
B*13:20,B13,-
B*14:01,B64,B64(14)
B*14:02,B65,B65(14)
B*14:03,B14,B14
B*14:04,B14,-
B*14:05,B14,-
B*14:06,B14,B14
B*15:01,B62,B62(15)
B*15:02,B75,B75(15)
B*15:03,B72,B72(70)
B*15:04,B62,B62(15)
B*15:05,B62,B62(15)
B*15:06,B62,B62(15)
B*15:07,B62,B62(15)
B*15:08,B75/B62,B75(15)
B*15:09,B70,B70
B*15:10,B71,B71(70)
B*15:11,B75,B75(15)
B*15:12,B76,B76(15)
B*15:13,B77,B77(15)
B*15:14,B76,B76(15)
B*15:15,B75/B62,B62(15)
B*15:16,B63,B63(15)
B*15:17,B63,B63(15)
B*15:18,B71,B71(70)
B*15:19,B76,B76(15)
B*15:20,B62,B62(15)
B*15:21,B75,B75(15)
B*15:23,B70/B5/blank,-
B*15:24,B62,B62(15)
B*15:25,B62,B62(15)
B*15:27,B62,B62(15)
B*15:28,B62,B62(15)
B*15:29,B70,B15
B*15:30,B62,B62(15)
B*15:31,B75,B75(15)
B*15:32,B62,B62(15)
B*15:33,B62,B15
B*15:34,B62,B62(15)
B*15:35,B62,B62(15)
B*15:37,B70,B70
B*15:38,B62,-
B*15:39,B62,B62(15)
B*15:40,B62/blank,-
B*15:42,B15,-
B*15:43,B15,-
B*15:44,B75,-
B*15:45,B62,B62(15)
B*15:47,B70/blank,-
B*15:48,B62,B62(15)
B*15:49,B72,-
B*15:50,B62,-
B*15:51,B70,B70
B*15:54,B72,-
B*15:55,B15,B15
B*15:56,B62,-
B*15:57,B62,-
B*15:58,B62,B62(15)
B*15:60,B62,-
B*15:61,B72,-
B*15:63,B62,-
B*15:64,B71,-
B*15:65,B62,-
B*15:66,B62,-
B*15:67,B63,-
B*15:69,B72,-
B*15:70,B62,B62(15)
B*15:71,B62,B62(15)
B*15:72,B71,-
B*15:73,B62,B62(15)
B*15:74,B72,-
B*15:75,B62,-
B*15:77,B62,-
B*15:78,B62,B15
B*15:80,B70,B70
B*15:81,B62,-
B*15:82,B62,B62(15)
B*15:83,B62,-
B*15:84,B62,B62(15)
B*15:85,B62,-
B*15:87,B15,-
B*15:88,B75,-
B*15:89,B77,-
B*15:90,B71,-
B*15:92,B62,-
B*15:93,B71,B71(70)
B*15:95,B63,-
B*15:96,B62,B62(15)
B*15:97,B62,-
B*15:98,B72,-
B*15:99,B71,-
B*15:102,B62,B62(15)
B*15:103,B70,B70
B*15:104,B62,-
B*15:105,B62,-
B*15:107,B62,B62(15)
B*15:108,B71,B71(70)
B*15:109,B62,-
B*15:110,B62,-
B*15:112,B75,B15
B*15:113,B62,-
B*15:114,B70,B70
B*15:115,B70,-
B*15:116,B62,-
B*15:117,B62,-
B*15:118,B62,-
B*15:119,B71,-
B*15:120,B62,-
B*15:121,B75,-
B*15:122,B62,-
B*15:123,B72,-
B*15:124,B71,-
B*15:125,B62,-
B*15:126,B62,-
B*15:127,B72,-
B*15:128,B62,-
B*15:129,B62,-
B*15:130,B62,-
B*15:132,B72,-
B*18:01,B18,B18
B*18:02,B18,B18
B*18:03,B18,B18
B*18:04,B18,B18
B*18:05,B18,B18
B*18:06,B18,B18
B*18:07,B18/blank,-
B*18:08,B18,-
B*18:09,B18,B18
B*18:10,B18,-
B*18:11,B18,-
B*18:12,B18,-
B*18:13,B18,-
B*18:14,B18,-
B*18:15,B18,-
B*18:18,B18,-
B*18:19,B18,-
B*18:20,B18,-
B*18:22,B18,-
B*18:24,B18,-
B*18:25,B18,-
B*18:26,B18,-
B*27:01,B27,B27
B*27:02,B27,B27
B*27:03,B27,B27
B*27:04,B27,B27
B*27:05,B27,B27
B*27:06,B27,B27
B*27:07,B27,B27
B*27:08,B2708/B27/B7,B2708
B*27:09,B27,B27
B*27:10,B27,B27
B*27:11,B27,B27
B*27:13,B27,B27
B*27:14,B27,B27c
B*27:15,B27,-
B*27:16,B27,-
B*27:17,B27,B27
B*27:19,B27,B27
B*27:20,B27,B27
B*27:21,B27,-
B*27:24,B27,-
B*27:25,B27,-
B*27:26,B27,-
B*27:27,B27,-
B*27:28,B27,-
B*27:29,B27,B27
B*27:30,B27,B27
B*27:31,B27,-
B*27:32,B27,-
B*27:34,B27,-
B*27:35,B27,-
B*27:36,B27,-
B*27:37,B27,-
B*27:38,B27,B27
B*35:01,B35,B35
B*35:02,B35,B35
B*35:03,B35,B35
B*35:04,B35,B35
B*35:05,B35,B35
B*35:06,B35,B35
B*35:07,B35,B35
B*35:08,B35,B35
B*35:09,B35,B35
B*35:10,B35,B35
B*35:11,B35,B35
B*35:12,B35,B35
B*35:13,B35,B35
B*35:14,B35,B35
B*35:15,B35,B35
B*35:16,B35,B35
B*35:17,B35,B35
B*35:18,B35,B35
B*35:19,B35/blank,B35
B*35:20,B35,B35
B*35:21,B35/B78,-
B*35:22,B35,-
B*35:23,B35,B35
B*35:24,B35,-
B*35:25,B35,B35
B*35:26,B35,-
B*35:27,B35,B35
B*35:28,B35,-
B*35:29,B35,B35
B*35:30,B35,B35
B*35:31,B35,-
B*35:32,B35,B35
B*35:33,B35,-
B*35:34,B35,-
B*35:35,B35,B35
B*35:36,B35,-
B*35:37,B35,-
B*35:38,B35,-
B*35:39,B35,-
B*35:41,B35,B35
B*35:42,B35,B35
B*35:43,B35,B35
B*35:45,B35,-
B*35:46,B35,B35
B*35:47,B35,-
B*35:48,B35,-
B*35:49,B35,-
B*35:50,B35,B35
B*35:51,B35,B35
B*35:52,B35,B35
B*35:54,B35,-
B*35:55,B35,B35
B*35:56,B35,-
B*35:57,B35,B35
B*35:58,B35,-
B*35:59,B35,-
B*35:60,B35,B35
B*35:61,B35,B35
B*35:62,B35,-
B*35:64,B35,-
B*35:65Q,B35,-
B*35:66,B35,-
B*35:68,B35,-
B*35:69,B35,-
B*35:70,B35,B35
B*35:71,B35,-
B*35:72,B35,-
B*35:73,B35,-
B*35:74,B35,-
B*35:75,B35,-
B*35:76,B35/B22,B35/22
B*35:77,B35,-
B*37:01,B37,B37
B*37:02,B37/B27,-
B*37:04,B37,B37
B*37:06,B37,-
B*37:08,B37,B37
B*37:09,B37,B37
B*37:10,B37,B37
B*37:12,B37,-
B*37:13,B37,-
B*38:01,B38,B38(16)
B*38:02,B38,B38(16)
B*38:03,B38,B16
B*38:04,B38,-
B*38:05,B38,B38(16)
B*38:06,B38,-
B*38:07,B38,-
B*38:08,B38,-
B*38:09,B38,B16
B*38:10,B38,-
B*38:11,B38,-
B*38:12,B38,B38(16)
B*38:13,B38,-
B*38:14,B38,-
B*38:15,B38,B38(16)
B*38:16,B38,-
B*39:01,B3901/B39,B3901
B*39:02,B3902/B39,B3902
B*39:03,B39,B39(16)
B*39:04,B39,B39(16)
B*39:05,B39,B39
B*39:06,B39,B39(16)
B*39:07,B16,-
B*39:08,B39,B39(16)
B*39:09,B39,B39(16)
B*39:10,B39,B39(16)
B*39:11,B39,B39(16)
B*39:12,B39,B39(16)
B*39:13,B39,B39(16)
B*39:14,B39,-
B*39:15,B39,B39(16)
B*39:16,B39,-
B*39:17,B39,-
B*39:18,B39,-
B*39:19,B39,B39(16)
B*39:20,B39,-
B*39:22,B39,-
B*39:23,B39,B39(16)
B*39:24,B39,B39(16)
B*39:26,B39,-
B*39:27,B39,B39(16)
B*39:28,B39,-
B*39:29,B39,-
B*39:30,B39,-
B*39:31,B39,-
B*39:32,B16,-
B*39:33,B39,-
B*39:34,B39,B39(16)
B*39:35,B39,-
B*39:37,B39,-
B*39:38Q,B39,-
B*39:39,B39,-
B*39:41,B39,B39(16)
B*39:42,B39,-
B*40:01,B60,B60(40)
B*40:02,B61,B61(40)
B*40:03,B61,B61(40)
B*40:04,B61,B61(40)
B*40:05,B4005/B50,B4005
B*40:06,B61,B61(40)
B*40:07,B60,B60(40)
B*40:08,B61/blank,-
B*40:09,B61,B61(40)
B*40:10,B60,B60(40)
B*40:11,B61,B61(40)
B*40:12,B60/B48,-
B*40:14,B60,B60(40)
B*40:16,B61,B61(40)
B*40:18,B61,-
B*40:19,B61,-
B*40:20,B61,B61(40)
B*40:21,B40/B15,-
B*40:23,B40,-
B*40:24,B61,-
B*40:25,B40,-
B*40:26,B21,B21
B*40:27,B61,B61(40)
B*40:29,B61,B61(40)
B*40:30,B60,-
B*40:31,B60,B60(40)
B*40:32,B40,-
B*40:33,B60,-
B*40:34,B60,B60(40)
B*40:35,B61,B61(40)
B*40:36,B60,-
B*40:37,B61,-
B*40:38,B60,-
B*40:39,B61/B41,B41
B*40:40,B61,-
B*40:42,B60,-
B*40:43,B60,-
B*40:44,B61,-
B*40:45,B60,-
B*40:46,B60,-
B*40:47,B40,B40
B*40:48,B60,B60(40)
B*40:49,B60,-
B*40:50,B61,B61(40)
B*40:52,B60,B60(40)
B*40:53,B61,B61(40)
B*40:54,B60,B60(40)
B*40:55,B60,-
B*40:56,B61,B61(40)
B*40:57,B61,-
B*40:58,B40,-
B*40:59,B40,-
B*40:61,B60,-
B*40:62,B60,-
B*40:63,B60,-
B*40:64,B61,B40
B*40:65,B60,-
B*40:66,B60,-
B*40:67,B60,-
B*40:69,B60,-
B*40:70,B61,B61(40)
B*40:71,B61,-
B*40:72,B60,-
B*40:73,B60,-
B*40:74,B60,-
B*40:75,B61,-
B*40:76,B60,-
B*40:77,B60,-
B*41:01,B41,B41
B*41:02,B41,B41
B*41:03,B41,B41
B*41:04,B41,-
B*41:05,B41,-
B*41:06,B41,-
B*41:07,B41,-
B*41:08,B41,-
B*42:01,B42,B42
B*42:02,B42,B42
B*42:04,B42,-
B*42:05,B42,-
B*42:06,B42,-
B*42:08,B42,-
B*42:09,B42,-
B*44:02,B44,B44(12)
B*44:03,B44,B44(12)
B*44:04,B44,B44(12)
B*44:05,B44,B44(12)
B*44:06,B44,B44(12)
B*44:07,B44,B44(12)
B*44:08,B44,B44(12)
B*44:09,B45,B45(12)
B*44:10,B44,B44(12)
B*44:11,B44,-
B*44:12,B44,B44(12)
B*44:13,B44,B44(12)
B*44:14,B44,B44(12)
B*44:15,B12,B12
B*44:16,B47/B44,B47
B*44:17,B44,B44(12)
B*44:18,B44,-
B*44:20,B44,-
B*44:21,B44,-
B*44:22,B44,-
B*44:24,B44,-
B*44:25,B44,-
B*44:26,B44,-
B*44:27,B44,B44(12)
B*44:28,B44,-
B*44:29,B44,B44(12)
B*44:30,B44,-
B*44:31,B44,B44(12)
B*44:32,B44,B44(12)
B*44:33,B44,-
B*44:34,B44,-
B*44:35,B44,-
B*44:36,B44,-
B*44:37,B44,-
B*44:38,B44,-
B*44:39,B44,-
B*44:40,B44,B44(12)
B*44:41,B44,-
B*44:43,B44,B44(12)
B*44:44,B44,-
B*44:45,B44,-
B*44:46,B12,-
B*44:47,B44,-
B*44:48,B44,-
B*44:49,B44,-
B*44:50,B44,-
B*44:51,B44,-
B*44:53,B44,B44(12)
B*44:54,B44,B44(12)
B*45:01,B45,B45(12)
B*45:02,B45,-
B*45:03,B45,-
B*45:04,B21,-
B*45:05,B45,-
B*45:06,B45,-
B*45:07,B45,-
B*46:01,B46,B46
B*46:02,B46,B46
B*46:03,B46,B46
B*46:04,B46,B46
B*46:05,B46,B46
B*46:08,B46,-
B*46:09,B46,-
B*46:10,B46,-
B*46:11,B22,-
B*47:01,B47,B47
B*47:02,B47,B47
B*47:03,B47,B47
B*47:05,B47,-
B*48:01,B48,B48
B*48:02,B48/B70,B48
B*48:03,B48,B48c
B*48:04,B48,B48
B*48:05,B48,B48
B*48:07,B48,B48
B*48:09,B48,B48
B*48:10,B48,B48
B*48:11,B48,-
B*48:12,B48,-
B*48:14,B48,-
B*48:15,B48,-
B*48:16,B48,-
B*48:18,B48,-
B*49:01,B49,B49(21)
B*49:02,B49,B49(21)
B*49:03,B49,-
B*49:04,B49,-
B*49:05,B49,B49(21)
B*50:01,B50,B50(21)
B*50:02,B45,B45(12)
B*50:04,B50,B50(21)
B*51:01,B51,B51(5)
B*51:02,B5102/B51,B5102
B*51:03,B5103/B51,B5103
B*51:04,B51,B51(5)
B*51:05,B51,B51(5)
B*51:06,B51,B51(5)
B*51:07,B51,B51(5)
B*51:08,B51,B51(5)
B*51:09,B51,B51(5)
B*51:10,B51,-
B*51:12,B51/blank,-
B*51:13,B51,-
B*51:14,B51,B51(5)
B*51:16,B51,B5
B*51:17,B51,B51(5)
B*51:18,B51,B51(5)
B*51:19,B51,-
B*51:20,B51,-
B*51:21,B51,-
B*51:22,B51,-
B*51:23,B51,-
B*51:24,B51,B51(5)
B*51:26,B51,-
B*51:28,B51,B51(5)
B*51:29,B51,B51(5)
B*51:30,B51,-
B*51:31,B51,B51(5)
B*51:32,B51,-
B*51:33,B51,-
B*51:34,B51,-
B*51:35,B51,B51(5)
B*51:36,B51,-
B*51:37,B51,-
B*51:38,B51,-
B*51:39,B51,-
B*51:40,B51,-
B*51:43,B51,B51(5)
B*51:46,B51,B51(5)
B*51:47,B51,-
B*51:48,B51,-
B*51:49,B51,-
B*52:01,B52,B52(5)
B*52:02,B52,-
B*52:03,B52,-
B*52:04,B52,B52(5)
B*52:05,B52,-
B*52:06,B52,-
B*52:07,B52,B52(5)
B*52:08,B52,B52(5)
B*52:09,B52,-
B*52:10,B52,-
B*52:11,B52,-
B*53:01,B53,B53
B*53:02,B53,-
B*53:03,B53/B35,-
B*53:04,B53,-
B*53:05,B53,-
B*53:06,B53/B51,-
B*53:07,B53,B53
B*53:08,B53,-
B*53:09,B53,-
B*53:10,B53,-
B*53:11,B53,B53
B*53:12,B53,-
B*53:13,B53,-
B*54:01,B54,B54(22)
B*54:02,B54,B54(22)
B*54:03,B22,-
B*54:04,B54,-
B*54:07,B54,-
B*54:10,B54,-
B*54:11,B54,B54(22)
B*54:13,B54,-
B*55:01,B55,B55(22)
B*55:02,B55,B55(22)
B*55:03,B55,B55(22)
B*55:04,B55,B55(22)
B*55:05,B55,B22
B*55:07,B54,B54(22)
B*55:08,B56,B56(22)
B*55:09,B22,B22
B*55:10,B55,B55(22)
B*55:11,B55,-
B*55:12,B55,B22
B*55:13,B55,-
B*55:15,B55,B55(22)
B*55:16,B55,B22
B*55:17,B55,-
B*55:19,B55,-
B*55:20,B22,-
B*55:21,B55,-
B*55:22,B22,B55(22)
B*55:23,B55,-
B*55:24,B55,-
B*55:25,B55,-
B*55:26,B55,-
B*55:27,B55,-
B*56:01,B56,B56(22)
B*56:02,B56,B56(22)
B*56:03,B22/B15,B22
B*56:04,B56,B56(22)
B*56:05,B56,B56(22)
B*56:06,B78,B78
B*56:07,B56,B56(22)
B*56:08,B56,-
B*56:09,B56,-
B*56:10,B55,B55(22)
B*56:11,B56,B56(22)
B*56:12,B22,B55(22)
B*56:13,B56,B56(22)
B*56:14,B56,-
B*56:15,B56,B56(22)
B*56:16,B56,-
B*56:17,B56,-
B*56:20,B56,B56(22)
B*57:01,B57,B57(17)
B*57:02,B57,B57(17)
B*57:03,B57,B57(17)
B*57:04,B57,B57(17)
B*57:05,B57,-
B*57:06,B57,-
B*57:07,B57,-
B*57:08,B57,B57(17)
B*57:09,B57,-
B*57:10,B57,-
B*57:11,B57,-
B*57:12,B57,-
B*57:13,B57,-
B*58:01,B58,B58(17)
B*58:02,B58,B58(17)
B*58:04,B58,-
B*58:05,B58,-
B*58:06,B58,-
B*58:07,B58,-
B*58:08,B17/B5,B17
B*58:09,B17,-
B*58:11,B58,-
B*58:12,B58,-
B*58:13,B58,-
B*58:14,B58,-
B*58:15,B58,-
B*59:01,B59,B59
B*59:02,B59,B59
B*67:01,B67,B67
B*73:01,B73,B73
B*78:01,B78,B78
B*78:02,B78,B78
B*78:03,B78,-
B*78:04,B35,-
B*81:01,B81,B81
B*81:02,B81,B81
B*82:01,B82,B82
B*82:02,B82,-
C*01:02,Cw1,Cw1
C*01:03,Cw1,Cw1
C*01:04,Cw1,-
C*01:05,Cw1,-
C*01:06,Cw1,-
C*01:07,Cw1/blank,-
C*01:08,Cw1,-
C*01:09,Cw1,Cw1
C*01:10,Cw1,-
C*01:11,Cw1,-
C*01:12,Cw1,-
C*01:13,Cw1,-
C*01:14,Cw1,-
C*01:15,Cw1,-
C*01:16,Cw1,-
C*01:17,Cw1,-
C*01:18,Cw1,-
C*01:19,Cw1,-
C*02:02,Cw2,Cw2
C*02:03,Cw2,-
C*02:04,Cw2,-
C*02:05,Cw2,-
C*02:06,Cw2,-
C*02:07,Cw2,-
C*02:08,Cw2,Cw2
C*02:09,Cw2,-
C*02:10,Cw2,Cw2
C*02:11,Cw2,-
C*02:12,Cw2,-
C*02:13,Cw2,-
C*02:14,Cw2,-
C*02:15,Cw2,-
C*02:16,Cw2,-
C*02:17,Cw2,-
C*02:18,Cw2,-
C*03:02,Cw10,Cw10(3)
C*03:03,Cw9,Cw9(3)
C*03:04,Cw10,Cw10(3)
C*03:05,Cw3,-
C*03:06,Cw10,Cw10(3)
C*03:07,Cw3,Cw3
C*03:08,Cw10,-
C*03:09,Cw10,Cw3
C*03:10,Cw3,Cw3
C*03:11,Cw9,Cw3
C*03:12,Cw9,-
C*03:13,Cw9,-
C*03:14,Cw10,-
C*03:17,Cw10,-
C*03:18,Cw9,-
C*03:19,Cw3,Cw3
C*03:21,Cw9,-
C*03:23,Cw10,-
C*03:24,Cw10,Cw3
C*03:25,Cw10,-
C*03:26,Cw10,Cw10(3)
C*03:27,Cw10,-
C*03:28,Cw10,Cw10(3)
C*03:29,Cw10,-
C*03:30,Cw9,-
C*03:31,Cw9,-
C*03:32,Cw10,-
C*03:33,Cw10,-
C*03:34,Cw10,-
C*03:35,Cw10,-
C*03:36,Cw10,-
C*03:37,Cw10,-
C*03:38,Cw10,-
C*03:39,Cw9,Cw3
C*03:40,Cw10,Cw3
C*03:41,Cw10,-
C*04:01,Cw4,Cw4
C*04:03,Cw4/Cw6,-
C*04:04,Cw4,-
C*04:05,Cw4,-
C*04:06,Cw4/Cw6,-
C*04:07,Cw4,Cw4(6)
C*04:08,Cw4,-
C*04:10,Cw4,Cw4
C*04:12,Cw4,-
C*04:13,Cw4,-
C*04:14,Cw4,-
C*04:15,Cw4,-
C*04:16,Cw4,-
C*04:17,Cw4,-
C*04:18,Cw4,-
C*04:19,Cw4,-
C*04:20,Cw4,Cw4
C*04:21,Cw4,-
C*04:23,Cw4,-
C*04:24,Cw4,-
C*04:25,Cw4,-
C*04:26,Cw4,-
C*04:27,Cw4,-
C*05:01,Cw5,Cw5
C*05:02,Cw5,Cw5
C*05:03,Cw5,-
C*05:04,Cw5,-
C*05:05,Cw5,-
C*05:06,Cw5,-
C*05:08,Cw5,-
C*05:09,Cw5,-
C*05:10,Cw5,-
C*05:11,Cw5,-
C*05:12,Cw5,-
C*05:13,Cw5,-
C*05:14,Cw5,-
C*05:15,Cw5,-
C*05:16,Cw5,-
C*05:17,Cw5,-
C*06:02,Cw6,Cw6
C*06:03,Cw6,-
C*06:04,Cw6,-
C*06:05,Cw6,Cw6
C*06:06,Cw6,-
C*06:07,Cw6,-
C*06:08,Cw6,-
C*06:09,Cw6,-
C*06:10,Cw6,-
C*06:12,Cw6,-
C*06:13,Cw6,-
C*06:14,Cw6,-
C*06:15,Cw6,-
C*07:01,Cw7,Cw7
C*07:02,Cw7,Cw7
C*07:03,Cw7,-
C*07:04,Cw7,Cw7
C*07:05,Cw7,Cw7
C*07:06,Cw7,Cw7
C*07:07,Cw7,-
C*07:08,Cw7,-
C*07:09,Cw7,-
C*07:10,Cw7,-
C*07:11,Cw7,-
C*07:12,Cw7,Cw7
C*07:13,Cw7,-
C*07:14,Cw7,Cw7
C*07:15,Cw7,-
C*07:16,Cw7,Cw7
C*07:17,Cw7,-
C*07:18,Cw7,-
C*07:19,Cw7,-
C*07:20,Cw7,-
C*07:21,Cw7,-
C*07:22,Cw7,-
C*07:23,Cw7,-
C*07:24,Cw7,-
C*07:25,Cw7,-
C*07:26,Cw7,-
C*07:27,Cw7,-
C*07:28,Cw7,-
C*07:29,Cw7,-
C*07:30,Cw7,Cw7
C*07:31,Cw7,-
C*07:34,Cw7,-
C*07:35,Cw7,-
C*07:36,Cw7,Cw7
C*07:37,Cw7,Cw7
C*07:38,Cw7,Cw7
C*07:39,Cw7,-
C*07:40,Cw7,Cw7
C*07:42,Cw7,-
C*07:43,Cw7,-
C*07:44,Cw7,Cw7
C*07:45,Cw7,Cw7
C*07:46,Cw7,-
C*07:47,Cw7,-
C*07:48,Cw7,-
C*07:49,Cw7,Cw7
C*08:01,Cw8,Cw8
C*08:02,Cw8,Cw8
C*08:03,Cw8,Cw8
C*08:04,Cw8,Cw8
C*08:05,Cw8,-
C*08:06,Cw8,-
C*08:07,Cw8,-
C*08:08,Cw8,-
C*08:09,Cw8,-
C*08:12,Cw8,-
C*08:13,Cw8,-
C*08:14,Cw8,-
C*12:14,Cw7,-
C*14:02,Cw1/blank,-
C*14:03,Cw1/blank,-
C*14:05,Cw1,-
C*14:08,Cw1,-
C*15:07,Cw3,-
C*15:21,Cw3,-
C*17:01,Cw7/blank,-
C*17:03,Cw7/blank,-
C*18:01,Cw6/blank,-
C*18:02,Cw6/blank,-
DRB1*01:01,DR1,DR1
DRB1*01:02,DR1,DR1
DRB1*01:03,DR103/DR1,DR103
DRB1*01:04,DR1,DR1
DRB1*01:05,DR1,-
DRB1*01:06,DR1,-
DRB1*01:07,DR1,DR1
DRB1*01:08,DR1,-
DRB1*01:09,DR1,DR1
DRB1*01:10,DR1,-
DRB1*01:11,DR1,-
DRB1*01:12,DR1,-
DRB1*01:13,DR1,DR1
DRB1*01:14,DR1,-
DRB1*01:15,DR1,-
DRB1*01:16,DR1,-
DRB1*03:01,DR17,DR17(3)
DRB1*03:02,DR18,DR18(3)
DRB1*03:03,DR18,DR18(3)
DRB1*03:04,DR17,DR17(3)
DRB1*03:05,DR3,DR3
DRB1*03:06,DR3,DR3
DRB1*03:07,DR3,DR3d
DRB1*03:08,DR3,-
DRB1*03:09,DR3,-
DRB1*03:10,DR3,DR17(3)
DRB1*03:11,DR3,DR17(3)
DRB1*03:12,DR3,DR3
DRB1*03:13,DR3,-
DRB1*03:14,DR3,DR3
DRB1*03:15,DR17,DR3
DRB1*03:16,DR3,-
DRB1*03:17,DR3,-
DRB1*03:18,DR3,-
DRB1*03:19,DR3,-
DRB1*03:20,DR3,-
DRB1*03:21,DR3,-
DRB1*03:22,DR3,-
DRB1*03:23,DR3,DR3
DRB1*03:24,DR3,-
DRB1*03:25,DR3,-
DRB1*03:26,DR3,-
DRB1*03:27,DR3,-
DRB1*03:28,DR3,-
DRB1*03:29,DR3,-
DRB1*03:30,DR3,-
DRB1*03:31,DR3,-
DRB1*03:32,DR3,-
DRB1*03:33,DR3,-
DRB1*03:35,DR3,-
DRB1*04:01,DR4,DR4
DRB1*04:02,DR4,DR4
DRB1*04:03,DR4,DR4
DRB1*04:04,DR4,DR4
DRB1*04:05,DR4,DR4
DRB1*04:06,DR4,DR4
DRB1*04:07,DR4,DR4
DRB1*04:08,DR4,DR4
DRB1*04:09,DR4,DR4
DRB1*04:10,DR4,DR4
DRB1*04:11,DR4,DR4
DRB1*04:12,DR4,-
DRB1*04:13,DR4,DR4
DRB1*04:14,DR4,DR4
DRB1*04:15,DR4,DR4
DRB1*04:16,DR4,DR4
DRB1*04:17,DR4,DR4
DRB1*04:18,DR4,-
DRB1*04:19,DR4,DR4
DRB1*04:20,DR4,DR4
DRB1*04:21,DR4,DR4
DRB1*04:22,DR4/DR3,DR4
DRB1*04:23,DR4,DR4
DRB1*04:24,DR4,DR4
DRB1*04:25,DR4,DR4
DRB1*04:26,DR4,DR4
DRB1*04:27,DR4,-
DRB1*04:28,DR4,DR4
DRB1*04:29,DR4,DR4
DRB1*04:30,DR4,-
DRB1*04:31,DR4,DR4
DRB1*04:32,DR4,DR4
DRB1*04:33,DR4,-
DRB1*04:34,DR4,-
DRB1*04:35,DR4,-
DRB1*04:36,DR4,-
DRB1*04:37,DR4,-
DRB1*04:38,DR4,-
DRB1*04:39,DR4,-
DRB1*04:40,DR4,-
DRB1*04:41,DR4,-
DRB1*04:42,DR4,DR4
DRB1*04:43,DR4,-
DRB1*04:44,DR4,-
DRB1*04:45,DR4,-
DRB1*04:46,DR4,-
DRB1*04:47,DR4,-
DRB1*04:48,DR4,-
DRB1*04:49,DR4,-
DRB1*04:50,DR4,-
DRB1*04:51,DR4,-
DRB1*04:52,DR4,-
DRB1*04:53,DR4,-
DRB1*04:54,DR4,-
DRB1*04:55,DR4,-
DRB1*04:56,DR4,-
DRB1*04:57,DR4,-
DRB1*04:58,DR4,-
DRB1*04:59,DR4,-
DRB1*04:60,DR4,-
DRB1*04:61,DR4,-
DRB1*04:62,DR4,-
DRB1*04:63,DR4,-
DRB1*04:64,DR4,DR4
DRB1*07:01,DR7,DR7
DRB1*07:03,DR7,DR7
DRB1*07:04,DR7,DR7
DRB1*07:05,DR7,-
DRB1*07:06,DR7,-
DRB1*07:07,DR7,-
DRB1*07:08,DR7,-
DRB1*07:09,DR7,DR7
DRB1*07:11,DR7,-
DRB1*07:12,DR7,-
DRB1*07:13,DR7,-
DRB1*07:14,DR7,-
DRB1*08:01,DR8,DR8
DRB1*08:02,DR8,DR8
DRB1*08:03,DR8,DR8
DRB1*08:04,DR8,DR8
DRB1*08:05,DR8,DR8
DRB1*08:06,DR8,DR8
DRB1*08:07,DR8,DR8
DRB1*08:08,DR8,-
DRB1*08:09,DR8,DR8
DRB1*08:10,DR8,DR8
DRB1*08:11,DR8,DR8
DRB1*08:12,DR8,DR8
DRB1*08:13,DR8,DR8
DRB1*08:14,DR8,DR8
DRB1*08:15,DR8,-
DRB1*08:16,DR8,DR8
DRB1*08:17,DR8,DR8
DRB1*08:18,DR8,DR8
DRB1*08:19,DR8,-
DRB1*08:21,DR8,-
DRB1*08:22,DR8,-
DRB1*08:23,DR8,-
DRB1*08:24,DR8,-
DRB1*08:25,DR8,-
DRB1*08:26,DR8,-
DRB1*08:27,DR8,-
DRB1*08:28,DR8,-
DRB1*08:29,DR8,-
DRB1*08:30,DR8,-
DRB1*08:31,DR8 /DR11,DR11(5)
DRB1*09:01,DR9,DR9
DRB1*09:02,DR9,-
DRB1*09:03,DR9,-
DRB1*09:04,DR9,-
DRB1*09:05,DR9,DR9
DRB1*09:06,DR9,-
DRB1*10:01,DR10,DR10
DRB1*11:01,DR11,DR11(5)
DRB1*11:02,DR11,DR11(5)
DRB1*11:03,DR11,DR11(5)
DRB1*11:04,DR11,DR11(5)
DRB1*11:05,DR11,DR11(5)
DRB1*11:06,DR11,DR11(5)
DRB1*11:07,DR11,DR11(5)
DRB1*11:08,DR11,DR11(5)
DRB1*11:09,DR11,DR11(5)
DRB1*11:10,DR11,-
DRB1*11:11,DR11,DR11(5)
DRB1*11:12,DR11,-
DRB1*11:13,DR11,DR11(5)
DRB1*11:14,DR11,DR11(5)
DRB1*11:15,DR11,-
DRB1*11:16,DR11/DR13,DR11(5)/DR13(6)
DRB1*11:17,DR14,-
DRB1*11:18,DR11,-
DRB1*11:19,DR11,DR11(5)
DRB1*11:20,DR11,DR11(5)
DRB1*11:21,DR11,DR11(5)
DRB1*11:23,DR11,DR11(5)
DRB1*11:24,DR11,-
DRB1*11:25,DR11,DR11(5)
DRB1*11:26,DR11,DR11(5)
DRB1*11:27,DR11,DR11(5)
DRB1*11:28,DR11,-
DRB1*11:29,DR11,DR11(5)
DRB1*11:30,DR11,-
DRB1*11:31,DR11,-
DRB1*11:32,DR11,-
DRB1*11:33,DR11,-
DRB1*11:34,DR11,-
DRB1*11:35,DR11,-
DRB1*11:36,DR11,-
DRB1*11:37,DR11,DR11(5)
DRB1*11:38,DR11,-
DRB1*11:39,DR11,-
DRB1*11:40,DR11,-
DRB1*11:41,DR11,-
DRB1*11:42,DR11,-
DRB1*11:43,DR11,-
DRB1*11:44,DR11,-
DRB1*11:45,DR11,-
DRB1*11:46,DR11,-
DRB1*11:47,DR11,-
DRB1*11:48,DR11,-
DRB1*11:49,DR11,-
DRB1*11:50,DR11,-
DRB1*11:51,DR11,-
DRB1*11:52,DR11,DR11(5)
DRB1*11:53,DR11,-
DRB1*11:54,DR11,-
DRB1*11:55,DR11,-
DRB1*11:56,DR11,-
DRB1*11:57,DR11,-
DRB1*11:58,DR11,-
DRB1*11:59,DR11,-
DRB1*11:60,DR11,-
DRB1*11:61,DR11,-
DRB1*11:62,DR11,-
DRB1*12:01,DR12,DR12(5)
DRB1*12:02,DR12,DR12(5)
DRB1*12:03,DR12,DR12(5)
DRB1*12:04,DR12,-
DRB1*12:05,DR12,DR12(5)
DRB1*12:06,DR12,DR12(5)
DRB1*12:07,DR12,-
DRB1*12:08,DR12,-
DRB1*12:09,DR12,-
DRB1*12:10,DR12,-
DRB1*12:11,DR12,-
DRB1*12:12,DR12,-
DRB1*12:13,DR12,-
DRB1*12:14,DR12,-
DRB1*12:15,DR12,-
DRB1*13:01,DR13,DR13(6)
DRB1*13:02,DR13,DR13(6)
DRB1*13:03,DR13,DR13(6)
DRB1*13:04,DR13,DR13(6)
DRB1*13:05,DR13,DR13(6)
DRB1*13:06,DR13,DR13(6)
DRB1*13:07,DR13,DR13(6)
DRB1*13:08,DR13,DR13(6)
DRB1*13:09,DR13,-
DRB1*13:10,DR13,DR13(6)
DRB1*13:11,DR13,DR13(6)
DRB1*13:12,DR13,DR13(6)
DRB1*13:13,DR13,DR13(6)
DRB1*13:14,DR13,DR13(6)
DRB1*13:15,DR13,-
DRB1*13:16,DR13,DR13(6)
DRB1*13:17,DR13,DR13(6)
DRB1*13:18,DR13,DR13(6)
DRB1*13:19,DR13,DR13(6)
DRB1*13:20,DR13,DR13(6)
DRB1*13:21,DR13/DR11,-
DRB1*13:22,DR13,DR13(6)
DRB1*13:23,DR13,-
DRB1*13:24,DR11,-
DRB1*13:25,DR11,-
DRB1*13:26,DR14,-
DRB1*13:27,DR13,DR13(6)
DRB1*13:28,DR13,-
DRB1*13:29,DR13,DR13(6)
DRB1*13:31,DR13,-
DRB1*13:32,DR13,-
DRB1*13:33,DR13,-
DRB1*13:34,DR13,-
DRB1*13:35,DR13,-
DRB1*13:36,DR13,DR13(6)
DRB1*13:37,DR13,-
DRB1*13:38,DR13,-
DRB1*13:39,DR13,-
DRB1*13:40,DR13,-
DRB1*13:41,DR13,-
DRB1*13:42,DR6,DR13(6)
DRB1*13:43,DR13,-
DRB1*13:45,DR13,-
DRB1*13:46,DR11,-
DRB1*13:48,DR13,-
DRB1*13:49,DR6,-
DRB1*13:50,DR11,-
DRB1*13:51,DR13,-
DRB1*13:52,DR13,DR13(6)
DRB1*13:53,DR13,-
DRB1*13:54,DR14,DR14(6)
DRB1*13:56,DR6,-
DRB1*13:57,DR13,DR13(6)
DRB1*13:58,DR13,-
DRB1*13:59,DR13,-
DRB1*13:60,DR6,-
DRB1*13:61,DR13,-
DRB1*13:62,DR11,-
DRB1*13:63,DR13,-
DRB1*13:64,DR13,-
DRB1*13:65,DR13,-
DRB1*13:66,DR13,DR13(6)
DRB1*13:67,DR13,-
DRB1*13:68,DR13,-
DRB1*13:69,DR13,-
DRB1*13:70,DR13,-
DRB1*13:71,DR13,-
DRB1*13:72,DR13,-
DRB1*13:73,DR13,-
DRB1*13:74,DR13,-
DRB1*13:76,DR13,-
DRB1*13:78,DR13,-
DRB1*13:79,DR13,-
DRB1*14:01,DR14,DR14(6)
DRB1*14:02,DR14,DR14(6)
DRB1*14:03,DR1403/DR14,DR1403
DRB1*14:04,DR1404/DR14,DR1404
DRB1*14:05,DR14,DR14(6)
DRB1*14:06,DR14,DR14(6)
DRB1*14:07,DR14,DR14(6)
DRB1*14:08,DR14,DR14(6)
DRB1*14:09,DR14,-
DRB1*14:10,DR14,DR14(6)
DRB1*14:11,DR14,DR14(6)
DRB1*14:12,DR14,DR14(6)
DRB1*14:13,DR14,DR14(6)
DRB1*14:14,DR14,DR14(6)
DRB1*14:15,DR8,DR8
DRB1*14:16,DR6,DR6
DRB1*14:17,DR6,DR6
DRB1*14:18,DR14,DR6
DRB1*14:19,DR14,DR14(6)
DRB1*14:20,DR14,DR14(6)
DRB1*14:21,DR14,DR14(6)
DRB1*14:22,DR14,DR14(6)
DRB1*14:23,DR14,-
DRB1*14:24,DR14,-
DRB1*14:25,DR6,-
DRB1*14:26,DR14,DR14(6)
DRB1*14:27,DR14,DR14(6)
DRB1*14:28,DR14,-
DRB1*14:29,DR14,DR14(6)
DRB1*14:30,DR6,-
DRB1*14:31,DR14,-
DRB1*14:32,DR14,-
DRB1*14:33,DR6,-
DRB1*14:34,DR14,-
DRB1*14:35,DR14,-
DRB1*14:36,DR14,-
DRB1*14:37,DR14,-
DRB1*14:38,DR14,-
DRB1*14:39,DR14,-
DRB1*14:40,DR14,-
DRB1*14:41,DR14,-
DRB1*14:43,DR14,-
DRB1*14:44,DR14,-
DRB1*14:45,DR14,-
DRB1*14:46,DR14,-
DRB1*14:47,DR14,-
DRB1*14:48,DR14,-
DRB1*14:49,DR14,DR14(6)
DRB1*14:50,DR14,DR14(6)
DRB1*14:51,DR14,-
DRB1*14:52,DR14,-
DRB1*14:53,DR13/DR14,DR13(6)
DRB1*14:54,DR14,-
DRB1*14:55,DR14,-
DRB1*14:56,DR14,-
DRB1*14:57,DR4/DR6,-
DRB1*14:58,DR14,-
DRB1*14:59,DR14,-
DRB1*14:60,DR14,DR14(6)
DRB1*14:61,DR14,-
DRB1*14:62,DR14,-
DRB1*14:63,DR6,-
DRB1*14:64,DR14,-
DRB1*14:65,DR6,-
DRB1*14:66,DR14,-
DRB1*14:67,DR6,-
DRB1*14:68,DR14,-
DRB1*15:01,DR15,DR15(2)
DRB1*15:02,DR15,DR15(2)
DRB1*15:03,DR15,DR15(2)
DRB1*15:04,DR15,DR15(2)
DRB1*15:05,DR15,DR15(2)
DRB1*15:06,DR15,DR15(2)
DRB1*15:07,DR15,DR15(2)
DRB1*15:08,DR15,DR2
DRB1*15:09,DR15,-
DRB1*15:10,DR2,-
DRB1*15:11,DR15,-
DRB1*15:12,DR15,-
DRB1*15:13,DR2,-
DRB1*15:14,DR15,-
DRB1*15:15,DR15,-
DRB1*15:16,DR15,-
DRB1*15:18,DR15,-
DRB1*15:19,DR15,-
DRB1*15:20,DR15,-
DRB1*15:21,DR2,-
DRB1*15:22,DR15,-
DRB1*16:01,DR16,DR16(2)
DRB1*16:02,DR16,DR16(2)
DRB1*16:03,DR16,DR2
DRB1*16:04,DR16,DR16(2)
DRB1*16:05,DR16,DR16(2)
DRB1*16:07,DR16,-
DRB1*16:08,DR16,-
DRB1*16:09,DR16,DR16(2)
DRB1*16:10,DR16,-
DRB1*16:11,DR16,-
DRB3*01:01,DR52,DR52
DRB3*01:02,DR52,-
DRB3*01:06,DR52,DR52
DRB3*01:07,DR52,DR52
DRB3*01:10,DR52,DR52
DRB3*02:01,DR52,DR52
DRB3*02:02,DR52,DR52
DRB3*02:03,DR52,DR52
DRB3*02:06,DR52,-
DRB3*02:07,DR52,DR52
DRB3*02:08,DR52,DR52
DRB3*02:09,DR52,DR52
DRB3*02:10,DR52,DR52
DRB3*02:11,DR52,DR52
DRB3*03:01,DR52,DR52
DRB3*03:02,DR52,DR52
DRB3*03:03,DR52,-
DRB4*01:01,DR53,DR53
DRB4*01:03,DR53,DR53
DRB4*01:05,DR53,DR53
DRB5*01:01,DR51,DR51
DRB5*01:02,DR51,DR51
DRB5*01:07,DR51,DR51
DRB5*02:02,DR51,DR51
DQB1*05:01,DQ5,DQ5(1)
DQB1*05:02,DQ5,DQ5(1)
DQB1*05:03,DQ5,DQ5(1)
DQB1*05:04,DQ5,DQ5(1)
DQB1*05:05,DQ5,-
DQB1*06:01,DQ6,DQ6(1)
DQB1*06:02,DQ6,DQ6(1)
DQB1*06:03,DQ6,DQ6(1)
DQB1*06:04,DQ6,DQ6(1)
DQB1*06:05,DQ6,DQ6(1)
DQB1*06:06,DQ5,-
DQB1*06:07,DQ6,-
DQB1*06:08,DQ6,DQ6(1)c
DQB1*06:09,DQ6,DQ6(1)
DQB1*06:10,DQ1,-
DQB1*06:11,DQ1,DQ1
DQB1*06:12,DQ1,DQ1
DQB1*06:13,DQ6,-
DQB1*06:14,DQ6,DQ6(1)
DQB1*06:15,DQ6,-
DQB1*06:16,DQ6,-
DQB1*06:17,DQ6,-
DQB1*06:18,DQ6,-
DQB1*06:19,DQ6,-
DQB1*06:20,DQ6,-
DQB1*06:21,DQ6,-
DQB1*06:22,DQ6,-
DQB1*06:23,DQ6,-
DQB1*06:24,DQ6,-
DQB1*06:25,DQ6,DQ6(1)
DQB1*06:27,DQ6,-
DQB1*06:28,DQ6,-
DQB1*06:29,DQ6,-
DQB1*06:30,DQ6,-
DQB1*06:31,DQ6,-
DQB1*06:32,DQ6,-
DQB1*06:33,DQ6,-
DQB1*02:01,DQ2,DQ2
DQB1*02:02,DQ2,DQ2
DQB1*02:03,DQ2,DQ2
DQB1*02:04,DQ2,-
DQB1*02:05,DQ2,-
DQB1*03:01,DQ7,DQ7(3)
DQB1*03:02,DQ8,DQ8(3)
DQB1*03:03,DQ9,DQ9(3)
DQB1*03:04,DQ7,DQ7(3)
DQB1*03:05,DQ8,DQ8(3)
DQB1*03:06,DQ3,DQ3
DQB1*03:07,DQ8,-
DQB1*03:08,DQ8,-
DQB1*03:09,DQ7,-
DQB1*03:10,DQ3,DQ8(3)
DQB1*03:11,DQ8,-
DQB1*03:12,DQ9,-
DQB1*03:13,DQ7,-
DQB1*03:14,DQ3,-
DQB1*03:15,DQ9,-
DQB1*03:16,DQ7,-
DQB1*03:17,DQ9,-
DQB1*03:18,DQ8,-
DQB1*03:19,DQ7,-
DQB1*03:20,DQ9,-
DQB1*04:01,DQ4,DQ4
DQB1*04:02,DQ4,DQ4