DPA1*0103,DPA1*0104,DPA1*0105,DPA1*0106,DPA1*0107,DPA1*0108,DPA1*0109,DPA1*0110,DPA1*0201,DPA1*0202,DPA1*0203,DPA1*0204,DPA1*0301,DPA1*0302,DPA1*0303,DPA1*0401
A,A,A,A,A,A,A,A,A,A,A,A,A,A,A,A
G,G,G,G,G,G,G,G,G,G,G,G,G,G,G,G
A,A,A,A,A,A,A,A,A,A,A,A,A,A,A,A
I,I,I,I,I,I,I,I,I,I,I,I,I,I,I,I
K,K,K,K,K,K,K,K,K,K,K,K,K,K,K,K
A,A,A,A,A,A,A,A,A,A,A,A,A,A,A,A
D,D,D,D,D,D,D,D,D,D,D,D,D,D,D,D
H,H,H,H,H,H,H,H,H,H,H,H,H,H,H,H
V,V,V,V,V,V,V,V,V,V,V,V,V,V,V,V
S,S,S,S,S,S,S,S,S,S,S,S,S,S,S,S
T,T,T,T,T,T,T,T,T,T,T,T,T,T,T,T
Y,Y,Y,Y,Y,Y,Y,Y,Y,Y,Y,Y,Y,Y,Y,Y
A,A,A,A,A,A,A,A,A,A,A,A,A,A,A,A
A,A,A,A,A,A,A,A,A,M,A,M,M,M,M,A
F,F,F,F,F,F,F,F,F,F,F,F,F,F,F,F
V,V,V,V,V,V,V,V,V,V,V,V,V,V,V,V
Q,Q,Q,Q,Q,Q,Q,Q,Q,Q,Q,Q,Q,Q,Q,Q
T,T,T,T,T,T,T,T,T,T,T,T,T,T,T,T
H,H,H,H,H,H,H,H,H,H,H,H,H,H,H,H
R,R,R,R,R,R,R,R,R,R,R,R,R,R,R,R
P,P,P,P,P,P,P,P,P,P,P,P,P,P,P,T
T,T,T,T,T,T,T,T,T,T,T,T,T,T,T,T
G,G,G,G,G,G,G,G,G,G,G,G,G,G,G,G
E,E,E,E,E,E,E,E,E,E,E,E,E,E,E,E
F,F,F,F,F,F,F,F,F,F,F,F,F,F,F,F
M,M,M,M,M,M,T,M,M,M,M,M,M,M,M,M
F,F,F,F,F,F,F,F,F,F,F,F,F,F,F,F
E,E,E,E,E,E,E,E,E,E,E,E,E,E,E,E
F,F,F,F,F,F,F,F,F,F,F,F,F,F,F,F
D,D,D,D,D,D,D,D,D,D,D,D,D,D,D,D
E,D,E,E,E,D,E,E,E,E,E,E,E,E,D,D
D,D,D,D,D,D,D,D,D,D,D,D,D,D,D,D
E,E,E,E,E,E,E,E,E,E,E,E,E,E,E,E
M,M,M,Q,M,M,M,M,Q,Q,M,Q,M,M,M,M
F,F,F,F,F,F,F,F,F,F,F,F,F,F,F,F
Y,Y,Y,Y,Y,Y,Y,Y,Y,Y,Y,Y,Y,Y,Y,Y
V,V,V,V,V,V,V,V,V,V,V,V,V,V,V,V
D,D,D,D,D,D,D,D,D,D,D,D,D,D,D,D
L,L,L,L,L,L,L,L,L,L,L,L,L,L,L,L
D,D,D,D,D,D,D,D,D,D,D,D,D,D,D,D
K,K,K,K,K,K,K,K,K,K,K,K,K,K,K,K
K,K,K,K,K,K,K,K,K,K,K,K,K,K,K,K
E,E,E,E,E,E,E,E,E,E,E,E,E,E,E,E
T,T,T,T,T,T,T,T,T,T,T,T,T,T,T,T
V,V,V,V,V,V,V,V,V,V,V,V,V,V,V,V
W,W,W,W,W,W,W,C,W,W,W,W,W,W,W,W
H,H,H,H,H,H,H,H,H,H,H,H,H,H,H,H
L,L,L,L,L,L,L,L,L,L,L,L,L,L,L,L
E,E,E,E,E,E,E,E,E,E,E,E,E,E,E,E
E,E,E,E,E,E,E,E,E,E,E,E,E,E,E,E
F,F,F,F,F,F,F,F,F,F,F,F,F,F,F,F
G,G,G,G,G,G,G,G,G,G,G,G,G,G,G,G
Q,Q,Q,Q,Q,R,Q,Q,R,R,R,R,Q,Q,Q,R
A,A,A,A,T,A,A,A,A,A,A,A,A,A,A,A
F,F,F,F,F,F,F,F,F,F,F,F,F,F,F,F
S,S,S,S,S,S,S,S,S,S,S,S,S,S,S,S
F,F,F,F,F,F,F,F,F,F,F,F,F,F,F,F
E,E,E,E,E,E,E,E,E,E,E,E,E,E,E,E
A,A,A,A,A,A,A,A,A,A,A,A,A,A,A,A
Q,Q,Q,Q,Q,Q,Q,Q,Q,Q,Q,Q,Q,Q,Q,Q
G,G,G,G,G,G,G,G,G,G,G,G,G,G,G,G
G,G,G,G,G,G,G,G,G,G,G,G,G,G,G,G
L,L,L,L,L,L,L,L,L,L,L,L,L,L,L,L
A,A,A,A,A,A,A,A,A,A,A,A,A,A,A,A
N,N,N,N,N,N,N,N,N,N,N,N,N,N,N,N
I,I,I,I,I,I,I,I,I,I,I,I,I,I,I,I
A,A,A,A,A,A,A,A,A,A,A,A,A,A,A,A
I,I,I,I,I,I,I,I,I,I,I,I,I,I,I,I
L,L,L,L,L,L,L,L,L,L,L,L,S,L,S,L
N,N,N,N,N,N,N,N,N,N,N,N,N,N,N,N
N,N,N,N,N,N,N,N,N,N,N,N,N,N,N,N
N,N,N,N,N,N,N,N,N,N,N,D,N,N,N,N
L,L,L,L,L,L,L,L,L,L,L,L,L,L,L,L
N,N,N,N,N,N,N,N,N,N,N,N,N,N,N,N
T,T,T,T,T,T,T,T,T,T,T,T,T,T,T,I
L,L,L,L,L,L,L,L,L,L,L,L,L,L,L,A
I,I,I,I,I,I,I,I,I,I,I,I,I,I,I,I
Q,Q,Q,Q,Q,Q,Q,Q,Q,Q,Q,Q,Q,Q,Q,Q
R,R,R,R,R,R,R,R,R,R,R,R,R,R,R,R
S,S,S,S,S,S,S,S,S,S,S,S,S,S,S,S
N,N,N,N,N,N,N,N,N,N,N,N,N,N,N,N
H,H,H,H,H,H,H,H,H,H,H,H,H,H,H,H
T,T,T,T,T,T,T,T,T,T,T,T,T,T,T,T
Q,Q,Q,Q,Q,Q,Q,Q,Q,Q,Q,Q,Q,Q,Q,Q
A,A,A,A,A,A,A,A,A,A,A,A,A,A,A,A
T,T,A,T,T,T,T,T,A,A,A,A,T,T,T,A
N,N,N,N,N,N,N,N,N,N,N,N,N,N,N,N
D,D,D,D,D,D,D,D,D,D,D,D,D,D,D,D
P,P,P,P,P,P,P,P,P,P,P,P,P,P,P,P
P,P,P,P,P,P,P,P,P,P,P,P,P,P,P,P
E,E,E,E,E,E,E,E,E,E,E,E,E,E,E,E
V,V,V,V,V,V,V,V,V,V,V,V,V,V,V,V
T,T,T,T,T,T,T,T,T,T,T,T,T,T,T,T
V,V,V,V,V,V,V,V,V,V,V,V,V,V,V,V
F,F,F,F,F,F,F,F,F,F,F,F,F,F,F,F
P,P,P,P,P,P,P,P,P,P,P,P,P,P,P,P
K,K,K,K,K,K,K,K,K,K,K,K,K,K,K,K
E,E,E,E,E,E,E,E,E,E,E,E,E,E,E,E
P,P,P,P,P,P,P,P,P,P,P,P,P,P,P,A
V,V,V,V,V,V,V,V,V,V,V,V,V,V,V,V
E,E,E,E,E,E,E,E,E,E,E,E,E,E,E,E
L,L,L,L,L,L,L,L,L,L,L,L,L,L,L,L
G,G,G,G,G,G,G,G,G,G,G,G,G,G,G,G
Q,Q,Q,Q,Q,Q,Q,Q,Q,Q,Q,Q,Q,Q,Q,Q
P,P,P,P,P,P,P,P,P,P,P,P,P,P,P,P
N,N,N,N,N,N,N,N,N,N,N,N,N,N,N,N
T,T,T,T,T,T,T,T,T,T,T,T,T,T,T,T
L,L,L,L,L,L,L,L,L,L,L,L,L,L,L,L
I,I,I,I,I,I,I,I,I,I,I,I,I,I,I,I
C,C,C,C,C,C,C,C,C,C,C,C,C,C,C,C
H,H,H,H,H,H,H,H,H,H,H,H,H,H,H,H
I,I,I,I,I,I,I,I,I,I,I,I,I,I,I,I
D,D,D,D,D,D,D,D,D,D,D,D,D,D,D,D
K,K,K,K,K,K,K,K,R,R,R,R,K,K,K,K
F,F,F,F,F,F,F,F,F,F,F,F,F,F,F,F
F,F,F,F,F,F,F,F,F,F,F,F,F,F,F,F
P,P,P,P,P,P,P,P,P,P,P,P,P,P,P,P
P,P,P,P,P,P,P,P,P,P,P,P,P,P,P,P
V,V,V,V,V,V,V,V,V,V,V,V,V,V,V,V
L,L,L,L,L,L,L,L,L,L,L,L,L,L,L,L
N,N,N,N,N,N,N,N,N,N,N,N,N,N,N,N
V,V,V,V,V,V,V,V,V,V,V,V,V,V,V,V
T,T,T,T,T,T,T,T,T,T,T,T,T,T,T,T
W,W,W,W,W,W,W,W,W,W,W,W,W,W,W,W
L,L,L,L,L,L,L,L,L,L,L,L,L,L,L,L
C,C,C,C,C,C,C,C,C,C,C,C,C,C,C,C
N,N,N,N,N,N,N,N,N,N,N,N,N,N,N,N
G,G,G,G,G,G,G,G,G,G,G,G,G,G,G,G
E,E,E,E,E,E,E,E,E,E,E,E,E,E,E,E
L,L,L,L,L,L,L,L,P,P,P,P,L,L,L,P
V,V,V,V,V,V,V,V,V,V,V,V,V,V,V,V
T,T,T,T,T,T,T,T,T,T,T,T,T,T,T,T
E,E,E,E,E,E,E,E,E,E,E,E,E,E,E,E
G,G,G,G,G,G,G,G,G,G,G,G,G,G,G,G
V,V,V,V,V,V,V,V,V,V,V,V,V,V,V,V
A,A,A,A,A,A,A,A,A,A,A,A,A,A,A,A
E,E,E,E,E,E,E,E,E,E,E,E,E,E,E,E
S,S,S,S,S,S,S,S,S,S,S,S,S,S,S,S
L,L,L,L,L,L,L,L,L,L,L,L,L,L,L,L
F,F,F,F,F,F,F,F,F,F,F,F,F,F,F,F
L,L,L,L,L,L,L,L,L,L,L,L,L,L,L,L
P,P,P,P,P,P,P,P,P,P,P,P,P,P,P,P
R,R,R,R,R,R,R,R,R,R,R,R,R,R,R,R
T,T,T,T,T,T,T,T,T,T,T,T,T,T,T,T
D,D,D,D,D,D,D,D,D,D,D,D,D,D,D,D
Y,Y,Y,Y,Y,Y,Y,Y,Y,Y,Y,Y,Y,Y,Y,Y
S,S,S,S,S,S,S,S,S,S,S,S,S,S,S,S
F,F,F,F,F,F,F,F,F,F,F,F,F,F,F,F
H,H,H,H,H,H,H,H,H,H,H,H,H,H,H,H
K,K,K,K,K,K,K,K,K,K,K,K,K,K,K,K
F,F,F,F,F,F,F,F,F,F,F,F,F,F,F,F
H,H,H,H,H,H,H,H,H,H,H,H,H,H,H,H
Y,Y,Y,Y,Y,Y,Y,Y,Y,Y,Y,Y,Y,Y,Y,Y
L,L,L,L,L,L,L,L,L,L,L,L,L,L,L,L
T,T,T,T,T,T,T,T,T,T,T,T,T,T,T,T
F,F,F,F,F,F,F,F,F,F,F,F,F,F,F,F
V,V,V,V,V,V,V,V,V,V,V,V,V,V,V,V
P,P,P,P,P,P,P,P,P,P,P,P,P,P,P,P
S,S,S,S,S,S,S,S,S,S,S,S,S,S,S,S
A,A,A,A,A,A,A,A,A,A,A,A,A,A,A,A
E,E,E,E,E,E,E,E,E,E,E,E,E,E,E,E
D,D,D,D,D,D,D,D,D,D,D,D,D,D,D,D
F,F,F,F,F,F,F,F,V,V,V,V,F,F,F,V
Y,Y,Y,Y,Y,Y,Y,Y,Y,Y,Y,Y,Y,Y,Y,Y
D,D,D,D,D,D,D,D,D,D,D,D,D,D,D,D
C,C,C,C,C,C,C,C,C,C,C,C,C,C,C,C
R,R,R,R,R,R,R,R,R,R,R,R,R,R,R,R
V,V,V,V,V,V,V,V,V,V,V,V,V,V,V,V
E,E,E,E,E,E,E,E,E,E,E,E,E,E,E,E
H,H,H,H,H,H,H,H,H,H,H,H,H,H,H,H
W,W,W,W,W,W,W,W,W,W,W,W,W,W,W,W
G,G,G,G,G,G,G,G,G,G,G,G,G,G,G,G
L,L,L,L,L,L,L,L,L,L,L,L,L,L,L,L
D,D,D,D,D,D,D,D,D,D,D,D,D,D,D,D
Q,Q,Q,Q,Q,Q,Q,Q,Q,Q,Q,Q,Q,Q,Q,Q
P,P,P,P,P,P,P,P,P,P,P,P,P,P,P,P
L,L,L,L,L,L,L,L,L,L,L,L,L,L,L,L
L,L,L,L,L,L,L,L,L,L,L,L,L,L,L,L
K,K,K,K,K,K,K,K,K,K,K,K,K,K,K,K
H,H,H,H,H,H,H,H,H,H,H,H,H,H,H,H
W,W,W,W,W,W,W,W,W,W,W,W,W,W,W,W
E,E,E,E,E,E,E,E,E,E,E,E,E,E,E,E
A,A,A,A,A,A,A,A,A,A,A,A,A,A,A,A
Q,Q,Q,Q,Q,Q,Q,Q,Q,Q,Q,Q,Q,Q,Q,Q
E,E,E,E,E,E,E,E,E,E,E,E,E,E,E,E
P,P,P,P,P,P,P,P,P,P,P,P,P,P,P,P
I,I,I,I,I,I,I,I,I,I,I,I,I,I,I,I
Q,Q,Q,Q,Q,Q,Q,Q,Q,Q,Q,Q,Q,Q,Q,Q
M,M,M,M,M,M,M,M,M,M,M,M,M,M,M,M
P,P,P,P,P,P,P,P,P,P,P,P,P,P,P,P
E,E,E,E,E,E,E,E,E,E,E,E,E,E,E,E
T,T,T,T,T,T,T,T,T,T,T,T,T,T,T,T
T,T,T,T,T,T,T,T,T,T,T,T,T,T,T,A
E,E,E,E,E,E,E,E,E,E,E,E,E,E,E,E